Customer ID,2023-01,2023-02,2023-03,2023-04,2023-05,2023-06,2023-07,2023-08,2023-09,2023-10,2023-11,2023-12,2024-01,decline_level
CUST001,230.0,591.0,443.0,0.0,905.0,408.0,513.0,485.0,869.0,971.0,291.0,763.0,761.0,0
CUST002,0.0,343.0,604.0,666.0,0.0,0.0,931.0,786.0,584.0,0.0,975.0,230.0,662.0,0
CUST003,527.0,0.0,664.0,608.0,0.0,997.0,0.0,554.0,0.0,439.0,466.0,191.0,0.0,0
CUST004,561.0,370.0,0.0,555.0,829.0,301.0,261.0,915.0,655.0,369.0,962.0,501.0,802.0,0
CUST005,956.0,228.0,114.0,164.0,747.0,256.0,443.0,571.0,162.0,620.0,912.0,0.0,938.0,0
CUST006,0.0,879.0,0.0,127.0,132.0,300.0,939.0,0.0,147.0,0.0,234.0,602.0,0.0,0
CUST007,866.0,868.0,306.0,742.0,114.0,894.0,602.0,0.0,317.0,497.0,970.0,104.0,492.0,0
CUST008,0.0,754.0,0.0,0.0,938.0,640.0,0.0,259.0,270.0,0.0,135.0,0.0,624.0,0
CUST009,430.0,0.0,0.0,330.0,324.0,0.0,572.0,447.0,0.0,0.0,605.0,289.0,739.0,0
CUST010,783.0,333.0,0.0,0.0,324.0,926.0,0.0,763.0,0.0,918.0,0.0,0.0,0.0,0
CUST011,835.0,665.0,212.0,324.0,724.0,180.0,741.0,0.0,0.0,954.0,319.0,798.0,101.0,0
CUST012,393.0,0.0,0.0,709.0,0.0,0.0,0.0,0.0,936.0,75.0,379.0,866.0,983.0,0
CUST013,650.0,445.0,963.0,247.0,810.0,0.0,246.0,919.0,739.0,610.0,0.0,502.0,588.0,0
CUST014,120.0,0.0,671.0,723.0,445.0,101.0,996.0,0.0,0.0,0.0,0.0,243.0,980.0,0
CUST015,951.0,686.0,203.0,724.0,0.0,519.0,326.0,772.0,353.0,521.0,727.0,0.0,211.0,0
CUST016,915.0,500.0,0.0,376.0,603.0,491.0,900.0,497.0,0.0,294.0,234.0,995.0,739.0,0
CUST017,382.0,325.0,0.0,126.0,897.0,0.0,0.0,0.0,708.0,0.0,0.0,0.0,376.0,0
CUST018,0.0,617.0,0.0,50.0,0.0,472.0,844.0,379.0,145.0,991.0,448.0,198.0,136.0,0
CUST019,0.0,669.0,0.0,0.0,0.0,665.0,0.0,0.0,834.0,422.0,785.0,971.0,0.0,0
CUST020,917.0,0.0,858.0,576.0,138.0,0.0,0.0,781.0,0.0,0.0,900.0,966.0,637.0,0
CUST021,191.0,570.0,982.0,0.0,0.0,242.0,0.0,0.0,0.0,0.0,753.0,0.0,453.0,0
CUST022,363.0,0.0,0.0,712.0,882.0,0.0,0.0,671.0,0.0,152.0,153.0,0.0,543.0,0
CUST023,769.0,205.0,756.0,120.0,0.0,703.0,0.0,758.0,219.0,930.0,735.0,0.0,886.0,0
CUST024,737.0,612.0,733.0,195.0,0.0,0.0,0.0,901.0,850.0,0.0,300.0,0.0,217.0,1
CUST025,0.0,319.0,146.0,168.0,0.0,0.0,0.0,0.0,0.0,185.0,796.0,50.0,384.0,0
CUST026,322.0,199.0,901.0,0.0,0.0,857.0,0.0,936.0,279.0,1000.0,0.0,0.0,0.0,0
CUST027,0.0,644.0,0.0,790.0,0.0,763.0,789.0,50.0,526.0,0.0,479.0,774.0,0.0,0
CUST028,0.0,189.0,0.0,826.0,134.0,997.0,598.0,875.0,352.0,853.0,704.0,0.0,948.0,0
CUST029,519.0,0.0,0.0,775.0,376.0,828.0,0.0,512.0,0.0,0.0,860.0,475.0,0.0,0
CUST030,0.0,624.0,0.0,378.0,0.0,136.0,879.0,0.0,0.0,900.0,468.0,794.0,835.0,0
CUST031,0.0,711.0,0.0,0.0,175.0,364.0,495.0,0.0,0.0,0.0,0.0,544.0,332.0,0
CUST032,668.0,583.0,497.0,322.0,141.0,243.0,250.0,664.0,792.0,285.0,208.0,0.0,138.0,1
CUST033,492.0,0.0,100.0,894.0,0.0,752.0,0.0,733.0,0.0,0.0,267.0,273.0,269.0,0
CUST034,351.0,316.0,0.0,169.0,0.0,0.0,400.0,0.0,0.0,231.0,903.0,514.0,0.0,0
CUST035,575.0,759.0,0.0,737.0,555.0,0.0,0.0,157.0,928.0,460.0,994.0,0.0,0.0,0
CUST036,0.0,928.0,328.0,272.0,914.0,248.0,784.0,985.0,863.0,179.0,312.0,771.0,302.0,0
CUST037,883.0,507.0,0.0,0.0,111.0,429.0,457.0,835.0,0.0,570.0,358.0,755.0,0.0,0
CUST038,601.0,831.0,803.0,0.0,0.0,839.0,300.0,0.0,823.0,0.0,560.0,851.0,244.0,0
CUST039,473.0,338.0,0.0,104.0,164.0,0.0,218.0,245.0,976.0,900.0,350.0,323.0,0.0,0
CUST040,617.0,484.0,0.0,610.0,0.0,50.0,198.0,0.0,0.0,0.0,0.0,922.0,504.0,0
CUST041,0.0,184.0,784.0,182.0,0.0,0.0,100.0,977.0,244.0,556.0,150.0,0.0,177.0,0
CUST042,0.0,862.0,990.0,0.0,367.0,153.0,488.0,924.0,335.0,405.0,870.0,0.0,833.0,0
CUST043,949.0,0.0,0.0,546.0,0.0,0.0,300.0,434.0,897.0,534.0,958.0,0.0,0.0,0
CUST044,0.0,500.0,283.0,0.0,896.0,0.0,0.0,0.0,0.0,237.0,429.0,999.0,884.0,0
CUST045,860.0,0.0,947.0,0.0,0.0,999.0,210.0,0.0,282.0,473.0,619.0,194.0,762.0,0
CUST046,633.0,332.0,0.0,928.0,744.0,504.0,781.0,0.0,0.0,937.0,0.0,612.0,703.0,0
CUST047,0.0,0.0,724.0,903.0,107.0,356.0,966.0,125.0,818.0,0.0,352.0,791.0,0.0,1
CUST048,722.0,605.0,850.0,462.0,373.0,114.0,838.0,0.0,607.0,982.0,849.0,102.0,905.0,0
CUST049,1000.0,493.0,311.0,624.0,0.0,166.0,0.0,124.0,0.0,0.0,0.0,679.0,0.0,2
CUST050,0.0,0.0,837.0,0.0,791.0,0.0,0.0,381.0,419.0,617.0,542.0,0.0,0.0,0
CUST051,0.0,763.0,706.0,922.0,0.0,0.0,449.0,236.0,0.0,929.0,998.0,858.0,0.0,0
CUST052,217.0,946.0,673.0,0.0,0.0,0.0,540.0,0.0,603.0,980.0,293.0,705.0,0.0,0
CUST053,658.0,649.0,0.0,753.0,0.0,0.0,100.0,0.0,419.0,0.0,189.0,212.0,239.0,0
CUST054,428.0,418.0,884.0,0.0,695.0,712.0,420.0,267.0,997.0,741.0,0.0,112.0,0.0,0
CUST055,646.0,236.0,0.0,558.0,687.0,0.0,0.0,0.0,475.0,120.0,0.0,984.0,0.0,0
CUST056,509.0,950.0,673.0,0.0,900.0,0.0,177.0,0.0,0.0,478.0,231.0,0.0,0.0,2
CUST057,764.0,0.0,244.0,674.0,122.0,324.0,0.0,0.0,0.0,0.0,30.0,242.0,0.0,1
CUST058,653.0,649.0,577.0,599.0,256.0,722.0,0.0,519.0,768.0,330.0,114.0,547.0,388.0,0
CUST059,0.0,258.0,964.0,0.0,0.0,0.0,50.0,914.0,217.0,941.0,0.0,905.0,0.0,0
CUST060,391.0,854.0,194.0,0.0,168.0,893.0,726.0,0.0,382.0,759.0,910.0,0.0,0.0,0
CUST061,309.0,782.0,927.0,715.0,715.0,0.0,455.0,0.0,559.0,0.0,0.0,0.0,722.0,1
CUST062,712.0,506.0,396.0,913.0,0.0,825.0,868.0,0.0,878.0,561.0,395.0,100.0,0.0,1
CUST063,765.0,530.0,535.0,0.0,236.0,0.0,674.0,408.0,902.0,0.0,412.0,301.0,216.0,0
CUST064,278.0,600.0,124.0,975.0,862.0,0.0,809.0,763.0,0.0,0.0,0.0,281.0,279.0,1
CUST065,0.0,0.0,729.0,800.0,0.0,0.0,459.0,575.0,441.0,0.0,0.0,162.0,0.0,3
CUST066,0.0,385.0,0.0,523.0,117.0,0.0,0.0,0.0,243.0,0.0,868.0,118.0,0.0,0
CUST067,479.0,0.0,0.0,154.0,899.0,186.0,557.0,970.0,742.0,977.0,261.0,154.0,877.0,0
CUST068,0.0,300.0,363.0,150.0,708.0,338.0,0.0,0.0,902.0,328.0,703.0,517.0,678.0,0
CUST069,250.0,723.0,246.0,613.0,799.0,384.0,184.0,0.0,647.0,772.0,0.0,181.0,480.0,0
CUST070,152.0,300.0,0.0,0.0,0.0,966.0,0.0,355.0,833.0,0.0,0.0,599.0,325.0,0
CUST071,0.0,458.0,0.0,620.0,651.0,0.0,336.0,0.0,380.0,300.0,0.0,0.0,857.0,0
CUST072,133.0,698.0,252.0,0.0,477.0,455.0,687.0,140.0,776.0,973.0,0.0,116.0,728.0,0
CUST073,733.0,229.0,575.0,675.0,0.0,462.0,784.0,921.0,804.0,801.0,0.0,500.0,657.0,0
CUST074,722.0,409.0,0.0,0.0,0.0,197.0,154.0,857.0,326.0,0.0,505.0,763.0,0.0,0
CUST075,0.0,300.0,812.0,116.0,464.0,581.0,549.0,0.0,600.0,0.0,395.0,253.0,172.0,0
CUST076,374.0,712.0,100.0,201.0,965.0,623.0,0.0,0.0,0.0,0.0,0.0,143.0,0.0,2
CUST077,0.0,180.0,809.0,299.0,584.0,473.0,565.0,826.0,0.0,0.0,0.0,0.0,636.0,0
CUST078,0.0,982.0,881.0,728.0,236.0,618.0,1500.0,434.0,0.0,0.0,0.0,0.0,0.0,3
CUST079,719.0,0.0,0.0,300.0,251.0,287.0,0.0,197.0,912.0,258.0,0.0,0.0,230.0,0
CUST080,525.0,260.0,496.0,993.0,821.0,115.0,410.0,0.0,207.0,0.0,0.0,592.0,549.0,0
CUST081,847.0,0.0,539.0,796.0,417.0,576.0,0.0,847.0,344.0,0.0,0.0,0.0,371.0,1
CUST082,531.0,769.0,245.0,684.0,804.0,764.0,498.0,423.0,0.0,988.0,475.0,392.0,916.0,0
CUST083,663.0,871.0,960.0,759.0,0.0,683.0,810.0,670.0,252.0,0.0,0.0,100.0,674.0,2
CUST084,198.0,852.0,0.0,872.0,0.0,153.0,620.0,788.0,989.0,672.0,119.0,826.0,146.0,0
CUST085,0.0,150.0,0.0,456.0,709.0,428.0,366.0,422.0,679.0,0.0,0.0,716.0,188.0,0
CUST086,275.0,0.0,0.0,553.0,427.0,350.0,325.0,223.0,0.0,701.0,137.0,0.0,0.0,0
CUST087,246.0,315.0,139.0,667.0,0.0,848.0,958.0,361.0,965.0,139.0,388.0,0.0,0.0,0
CUST088,0.0,525.0,130.0,634.0,493.0,846.0,860.0,925.0,0.0,771.0,0.0,0.0,656.0,0
CUST089,624.0,0.0,212.0,0.0,0.0,322.0,0.0,145.0,766.0,332.0,0.0,116.0,459.0,0
CUST090,136.0,377.0,0.0,321.0,671.0,0.0,295.0,0.0,511.0,0.0,0.0,0.0,434.0,0
CUST091,0.0,0.0,405.0,0.0,309.0,862.0,803.0,786.0,384.0,775.0,369.0,815.0,0.0,0
CUST092,0.0,384.0,198.0,0.0,837.0,0.0,0.0,496.0,615.0,581.0,588.0,0.0,529.0,0
CUST093,402.0,486.0,873.0,606.0,703.0,758.0,2000.0,968.0,539.0,120.0,356.0,552.0,183.0,0
CUST094,0.0,0.0,0.0,690.0,704.0,0.0,408.0,159.0,0.0,756.0,619.0,0.0,529.0,0
CUST095,833.0,0.0,0.0,0.0,0.0,305.0,0.0,951.0,252.0,372.0,554.0,335.0,993.0,0
CUST096,373.0,465.0,437.0,419.0,706.0,0.0,888.0,594.0,0.0,265.0,171.0,600.0,0.0,0
CUST097,0.0,687.0,409.0,771.0,988.0,0.0,562.0,185.0,0.0,691.0,145.0,0.0,0.0,3
CUST098,0.0,785.0,215.0,100.0,202.0,688.0,293.0,0.0,265.0,0.0,765.0,970.0,189.0,0
CUST099,0.0,0.0,469.0,873.0,652.0,322.0,0.0,0.0,172.0,0.0,515.0,458.0,0.0,2
CUST100,226.0,0.0,186.0,0.0,799.0,908.0,623.0,0.0,113.0,111.0,973.0,614.0,0.0,0
CUST1000,911.0,387.0,0.0,648.0,761.0,451.0,411.0,822.0,0.0,0.0,693.0,972.0,406.0,0
CUST101,904.0,258.0,0.0,824.0,463.0,615.0,123.0,831.0,503.0,0.0,0.0,0.0,0.0,2
CUST102,285.0,345.0,470.0,50.0,434.0,839.0,517.0,736.0,854.0,873.0,677.0,0.0,394.0,0
CUST103,480.0,0.0,0.0,417.0,0.0,936.0,652.0,0.0,101.0,392.0,474.0,601.0,927.0,0
CUST104,523.0,400.0,548.0,402.0,165.0,559.0,494.0,0.0,386.0,328.0,262.0,775.0,360.0,0
CUST105,0.0,675.0,0.0,786.0,303.0,0.0,985.0,383.0,0.0,0.0,0.0,220.0,206.0,1
CUST106,0.0,381.0,218.0,134.0,100.0,297.0,392.0,0.0,119.0,896.0,584.0,610.0,0.0,0
CUST107,0.0,896.0,322.0,284.0,0.0,138.0,405.0,225.0,910.0,316.0,0.0,350.0,283.0,0
CUST108,991.0,185.0,474.0,457.0,875.0,616.0,594.0,440.0,228.0,768.0,0.0,107.0,451.0,1
CUST109,701.0,0.0,900.0,100.0,444.0,913.0,460.0,386.0,152.0,246.0,168.0,753.0,403.0,0
CUST110,743.0,0.0,588.0,423.0,480.0,118.0,201.0,593.0,713.0,709.0,258.0,0.0,553.0,0
CUST111,0.0,0.0,0.0,810.0,927.0,516.0,0.0,0.0,0.0,242.0,572.0,704.0,175.0,1
CUST112,0.0,915.0,0.0,893.0,427.0,0.0,549.0,0.0,102.0,0.0,0.0,1500.0,184.0,0
CUST113,442.0,120.0,597.0,990.0,0.0,463.0,913.0,425.0,718.0,435.0,526.0,0.0,506.0,0
CUST114,433.0,663.0,255.0,390.0,0.0,593.0,850.0,992.0,747.0,768.0,472.0,243.0,638.0,0
CUST115,0.0,0.0,411.0,0.0,682.0,340.0,685.0,138.0,258.0,544.0,1500.0,0.0,0.0,0
CUST116,376.0,990.0,658.0,0.0,986.0,0.0,0.0,30.0,825.0,217.0,0.0,0.0,240.0,2
CUST117,711.0,159.0,958.0,149.0,630.0,392.0,679.0,266.0,0.0,0.0,763.0,0.0,0.0,1
CUST118,0.0,0.0,0.0,0.0,754.0,760.0,0.0,761.0,0.0,730.0,531.0,518.0,904.0,0
CUST119,558.0,852.0,266.0,934.0,736.0,379.0,0.0,653.0,0.0,0.0,0.0,799.0,473.0,1
CUST120,169.0,747.0,0.0,0.0,660.0,741.0,927.0,524.0,452.0,616.0,880.0,807.0,990.0,0
CUST121,826.0,308.0,713.0,271.0,0.0,0.0,441.0,0.0,229.0,869.0,0.0,937.0,902.0,0
CUST122,756.0,154.0,111.0,0.0,0.0,0.0,0.0,0.0,732.0,769.0,747.0,0.0,499.0,0
CUST123,899.0,555.0,0.0,883.0,559.0,649.0,0.0,0.0,505.0,842.0,183.0,260.0,0.0,1
CUST124,0.0,0.0,934.0,0.0,295.0,942.0,0.0,801.0,765.0,279.0,506.0,548.0,565.0,0
CUST125,769.0,233.0,172.0,166.0,947.0,0.0,315.0,561.0,528.0,257.0,106.0,902.0,625.0,0
CUST126,352.0,921.0,337.0,194.0,0.0,881.0,388.0,263.0,892.0,932.0,435.0,209.0,921.0,0
CUST127,707.0,111.0,0.0,0.0,227.0,191.0,899.0,679.0,752.0,178.0,636.0,0.0,272.0,0
CUST128,444.0,248.0,562.0,0.0,789.0,198.0,556.0,352.0,155.0,481.0,878.0,182.0,741.0,0
CUST129,0.0,223.0,0.0,600.0,789.0,521.0,0.0,519.0,0.0,162.0,0.0,0.0,330.0,0
CUST130,673.0,345.0,500.0,0.0,749.0,925.0,0.0,760.0,841.0,690.0,570.0,504.0,830.0,0
CUST131,609.0,282.0,263.0,596.0,0.0,564.0,802.0,407.0,494.0,728.0,867.0,799.0,893.0,0
CUST132,492.0,0.0,524.0,0.0,219.0,724.0,291.0,0.0,653.0,496.0,204.0,116.0,0.0,0
CUST133,0.0,900.0,178.0,0.0,955.0,299.0,954.0,825.0,0.0,0.0,875.0,0.0,0.0,1
CUST134,50.0,507.0,0.0,763.0,0.0,116.0,465.0,331.0,376.0,582.0,247.0,925.0,744.0,0
CUST135,237.0,649.0,0.0,0.0,619.0,451.0,0.0,419.0,467.0,722.0,0.0,319.0,436.0,0
CUST136,477.0,469.0,218.0,316.0,689.0,716.0,866.0,0.0,248.0,289.0,877.0,268.0,775.0,0
CUST137,501.0,0.0,764.0,926.0,725.0,0.0,945.0,0.0,282.0,372.0,1000.0,223.0,587.0,0
CUST138,737.0,629.0,401.0,0.0,459.0,138.0,879.0,760.0,596.0,248.0,496.0,332.0,0.0,0
CUST139,661.0,640.0,706.0,535.0,312.0,506.0,0.0,869.0,382.0,562.0,187.0,562.0,0.0,1
CUST140,461.0,207.0,210.0,906.0,0.0,0.0,227.0,235.0,466.0,380.0,0.0,328.0,0.0,0
CUST141,0.0,165.0,0.0,0.0,0.0,830.0,330.0,0.0,401.0,211.0,995.0,0.0,504.0,0
CUST142,310.0,834.0,686.0,0.0,854.0,231.0,169.0,119.0,0.0,797.0,200.0,0.0,923.0,0
CUST143,301.0,287.0,156.0,615.0,871.0,119.0,970.0,372.0,137.0,218.0,504.0,682.0,0.0,0
CUST144,287.0,418.0,0.0,505.0,0.0,977.0,763.0,0.0,159.0,208.0,916.0,310.0,258.0,0
CUST145,575.0,727.0,217.0,0.0,0.0,0.0,212.0,924.0,862.0,0.0,402.0,930.0,862.0,0
CUST146,0.0,701.0,672.0,718.0,936.0,0.0,237.0,149.0,599.0,870.0,604.0,499.0,0.0,0
CUST147,0.0,0.0,0.0,148.0,0.0,0.0,360.0,455.0,931.0,0.0,173.0,803.0,0.0,0
CUST148,695.0,647.0,763.0,0.0,927.0,463.0,507.0,785.0,287.0,0.0,824.0,668.0,642.0,0
CUST149,327.0,718.0,0.0,949.0,940.0,0.0,0.0,912.0,795.0,75.0,349.0,695.0,655.0,0
CUST150,120.0,0.0,995.0,0.0,0.0,591.0,987.0,298.0,0.0,765.0,525.0,754.0,571.0,0
CUST151,952.0,728.0,260.0,483.0,0.0,470.0,956.0,544.0,0.0,994.0,277.0,807.0,524.0,0
CUST152,0.0,628.0,780.0,276.0,593.0,0.0,0.0,522.0,0.0,709.0,697.0,0.0,0.0,1
CUST153,0.0,0.0,534.0,736.0,749.0,443.0,979.0,185.0,778.0,710.0,670.0,687.0,393.0,0
CUST154,0.0,480.0,779.0,0.0,0.0,980.0,0.0,895.0,125.0,900.0,157.0,881.0,703.0,0
CUST155,808.0,0.0,603.0,406.0,535.0,700.0,890.0,367.0,685.0,478.0,878.0,277.0,526.0,0
CUST156,358.0,976.0,874.0,0.0,0.0,485.0,382.0,725.0,0.0,974.0,947.0,0.0,486.0,0
CUST157,0.0,886.0,623.0,913.0,986.0,857.0,228.0,115.0,748.0,643.0,465.0,0.0,674.0,2
CUST158,230.0,800.0,892.0,326.0,0.0,481.0,0.0,452.0,744.0,765.0,295.0,0.0,636.0,0
CUST159,824.0,575.0,230.0,0.0,463.0,0.0,556.0,827.0,0.0,687.0,325.0,975.0,0.0,0
CUST160,936.0,275.0,761.0,995.0,0.0,413.0,174.0,750.0,378.0,0.0,437.0,372.0,719.0,0
CUST161,290.0,905.0,1000.0,242.0,739.0,290.0,858.0,954.0,914.0,615.0,0.0,541.0,678.0,0
CUST162,214.0,863.0,0.0,318.0,0.0,350.0,836.0,944.0,0.0,306.0,506.0,745.0,309.0,0
CUST163,606.0,0.0,955.0,0.0,253.0,0.0,523.0,0.0,695.0,369.0,0.0,380.0,980.0,0
CUST164,735.0,732.0,497.0,862.0,172.0,0.0,0.0,474.0,219.0,886.0,607.0,162.0,817.0,0
CUST165,736.0,140.0,321.0,0.0,0.0,838.0,807.0,721.0,972.0,875.0,613.0,167.0,433.0,0
CUST166,827.0,544.0,581.0,375.0,300.0,423.0,579.0,0.0,0.0,968.0,403.0,783.0,134.0,0
CUST167,604.0,0.0,0.0,231.0,278.0,0.0,0.0,0.0,150.0,649.0,887.0,768.0,0.0,0
CUST168,683.0,764.0,879.0,829.0,868.0,361.0,0.0,313.0,361.0,672.0,821.0,382.0,186.0,1
CUST169,0.0,800.0,503.0,980.0,289.0,654.0,148.0,235.0,0.0,0.0,1500.0,0.0,401.0,0
CUST170,0.0,628.0,652.0,648.0,0.0,955.0,0.0,443.0,876.0,0.0,916.0,918.0,888.0,0
CUST171,367.0,555.0,0.0,683.0,400.0,339.0,0.0,208.0,0.0,544.0,701.0,0.0,0.0,0
CUST172,951.0,786.0,519.0,949.0,758.0,738.0,772.0,584.0,693.0,850.0,423.0,0.0,757.0,1
CUST173,0.0,217.0,650.0,0.0,662.0,365.0,476.0,0.0,942.0,812.0,120.0,918.0,309.0,0
CUST174,932.0,673.0,0.0,300.0,0.0,0.0,367.0,518.0,410.0,312.0,456.0,334.0,912.0,0
CUST175,172.0,129.0,287.0,0.0,0.0,0.0,0.0,0.0,0.0,463.0,474.0,733.0,0.0,0
CUST176,106.0,520.0,0.0,389.0,539.0,778.0,100.0,0.0,0.0,767.0,295.0,0.0,0.0,0
CUST177,0.0,0.0,100.0,0.0,675.0,491.0,787.0,980.0,424.0,0.0,0.0,0.0,905.0,0
CUST178,0.0,529.0,871.0,333.0,462.0,0.0,254.0,0.0,174.0,547.0,765.0,0.0,656.0,0
CUST179,807.0,0.0,745.0,885.0,0.0,0.0,468.0,300.0,896.0,0.0,0.0,186.0,176.0,1
CUST180,900.0,998.0,920.0,0.0,0.0,0.0,453.0,653.0,208.0,478.0,442.0,515.0,0.0,1
CUST181,0.0,210.0,198.0,863.0,0.0,238.0,0.0,608.0,534.0,0.0,1200.0,372.0,965.0,0
CUST182,163.0,263.0,0.0,190.0,0.0,120.0,965.0,0.0,0.0,216.0,985.0,758.0,0.0,0
CUST183,982.0,681.0,719.0,765.0,0.0,0.0,403.0,623.0,628.0,246.0,0.0,0.0,0.0,3
CUST184,703.0,853.0,786.0,0.0,830.0,0.0,0.0,790.0,564.0,0.0,181.0,850.0,871.0,0
CUST185,800.0,905.0,121.0,819.0,386.0,112.0,593.0,213.0,579.0,936.0,422.0,542.0,0.0,0
CUST186,262.0,118.0,0.0,469.0,893.0,0.0,402.0,363.0,385.0,156.0,0.0,833.0,212.0,0
CUST187,364.0,300.0,901.0,634.0,802.0,775.0,0.0,646.0,203.0,356.0,293.0,227.0,226.0,1
CUST188,457.0,222.0,845.0,0.0,627.0,0.0,182.0,261.0,672.0,474.0,479.0,756.0,165.0,0
CUST189,314.0,0.0,666.0,729.0,731.0,993.0,330.0,664.0,832.0,906.0,126.0,0.0,420.0,0
CUST190,0.0,173.0,0.0,109.0,90.0,555.0,665.0,583.0,0.0,0.0,0.0,0.0,545.0,0
CUST191,730.0,0.0,111.0,0.0,738.0,949.0,859.0,453.0,565.0,389.0,875.0,0.0,0.0,0
CUST192,0.0,988.0,442.0,917.0,424.0,875.0,187.0,489.0,0.0,308.0,0.0,0.0,0.0,3
CUST193,500.0,723.0,520.0,297.0,276.0,182.0,918.0,240.0,0.0,790.0,0.0,0.0,667.0,0
CUST194,0.0,892.0,884.0,975.0,530.0,551.0,0.0,0.0,200.0,0.0,622.0,635.0,0.0,3
CUST195,402.0,595.0,335.0,972.0,0.0,652.0,454.0,970.0,0.0,326.0,867.0,757.0,639.0,0
CUST196,261.0,0.0,954.0,362.0,0.0,848.0,0.0,272.0,900.0,199.0,827.0,720.0,875.0,0
CUST197,749.0,0.0,200.0,153.0,0.0,0.0,217.0,914.0,664.0,412.0,143.0,148.0,624.0,0
CUST198,635.0,270.0,879.0,983.0,0.0,0.0,116.0,508.0,281.0,0.0,640.0,210.0,713.0,0
CUST199,773.0,792.0,601.0,844.0,894.0,0.0,833.0,274.0,798.0,0.0,781.0,1500.0,0.0,0
CUST200,875.0,259.0,327.0,556.0,0.0,0.0,0.0,722.0,324.0,406.0,746.0,430.0,583.0,0
CUST201,570.0,178.0,615.0,203.0,317.0,492.0,304.0,744.0,0.0,223.0,701.0,730.0,511.0,0
CUST202,459.0,0.0,555.0,560.0,400.0,0.0,366.0,493.0,0.0,438.0,0.0,606.0,792.0,0
CUST203,0.0,588.0,341.0,104.0,785.0,981.0,695.0,852.0,893.0,919.0,0.0,0.0,0.0,1
CUST204,0.0,0.0,0.0,489.0,697.0,0.0,552.0,0.0,545.0,393.0,0.0,673.0,0.0,0
CUST205,0.0,679.0,0.0,780.0,966.0,0.0,371.0,0.0,0.0,0.0,681.0,351.0,591.0,0
CUST206,719.0,718.0,372.0,896.0,0.0,453.0,982.0,224.0,0.0,0.0,0.0,0.0,670.0,2
CUST207,138.0,0.0,286.0,695.0,0.0,699.0,0.0,0.0,526.0,692.0,853.0,0.0,953.0,0
CUST208,269.0,421.0,971.0,889.0,712.0,0.0,666.0,827.0,0.0,702.0,555.0,0.0,863.0,0
CUST209,426.0,934.0,0.0,0.0,704.0,705.0,728.0,852.0,0.0,0.0,700.0,503.0,0.0,0
CUST210,0.0,503.0,0.0,253.0,976.0,868.0,0.0,181.0,213.0,0.0,157.0,0.0,423.0,0
CUST211,750.0,923.0,832.0,679.0,760.0,355.0,0.0,848.0,0.0,0.0,0.0,198.0,808.0,2
CUST212,183.0,652.0,0.0,498.0,320.0,208.0,0.0,727.0,467.0,0.0,853.0,0.0,246.0,0
CUST213,532.0,263.0,280.0,347.0,570.0,934.0,635.0,635.0,378.0,103.0,727.0,0.0,389.0,0
CUST214,416.0,184.0,714.0,790.0,0.0,483.0,614.0,490.0,0.0,441.0,914.0,311.0,0.0,0
CUST215,305.0,968.0,0.0,481.0,510.0,0.0,284.0,641.0,801.0,636.0,211.0,0.0,0.0,0
CUST216,261.0,898.0,131.0,0.0,620.0,0.0,100.0,0.0,353.0,866.0,301.0,542.0,0.0,0
CUST217,0.0,932.0,662.0,0.0,852.0,0.0,290.0,200.0,0.0,0.0,0.0,903.0,828.0,0
CUST218,576.0,0.0,0.0,412.0,692.0,0.0,0.0,0.0,90.0,862.0,780.0,0.0,517.0,0
CUST219,882.0,282.0,0.0,0.0,0.0,0.0,164.0,291.0,948.0,0.0,573.0,0.0,0.0,0
CUST220,0.0,0.0,500.0,0.0,999.0,267.0,414.0,858.0,827.0,438.0,950.0,988.0,292.0,0
CUST221,475.0,121.0,305.0,939.0,250.0,0.0,982.0,0.0,412.0,618.0,0.0,613.0,527.0,0
CUST222,196.0,158.0,0.0,668.0,500.0,382.0,987.0,239.0,430.0,168.0,616.0,945.0,217.0,0
CUST223,314.0,25.0,0.0,625.0,0.0,0.0,490.0,793.0,0.0,314.0,0.0,690.0,0.0,0
CUST224,669.0,0.0,301.0,0.0,768.0,50.0,511.0,0.0,424.0,116.0,421.0,0.0,617.0,0
CUST225,735.0,265.0,307.0,891.0,0.0,197.0,902.0,613.0,0.0,685.0,486.0,877.0,444.0,0
CUST226,901.0,466.0,934.0,233.0,513.0,818.0,877.0,408.0,582.0,50.0,0.0,382.0,933.0,0
CUST227,0.0,0.0,659.0,0.0,0.0,0.0,178.0,920.0,0.0,100.0,761.0,414.0,990.0,0
CUST228,265.0,0.0,172.0,60.0,361.0,145.0,336.0,519.0,756.0,275.0,717.0,749.0,899.0,0
CUST229,347.0,0.0,0.0,0.0,959.0,0.0,478.0,172.0,884.0,743.0,0.0,704.0,0.0,0
CUST230,168.0,0.0,836.0,25.0,901.0,535.0,398.0,465.0,0.0,0.0,146.0,674.0,0.0,0
CUST231,150.0,0.0,0.0,542.0,418.0,603.0,688.0,374.0,263.0,0.0,486.0,785.0,0.0,0
CUST232,0.0,964.0,0.0,394.0,468.0,0.0,0.0,0.0,718.0,0.0,956.0,895.0,793.0,0
CUST233,779.0,0.0,648.0,351.0,965.0,718.0,725.0,0.0,0.0,191.0,519.0,629.0,434.0,0
CUST234,102.0,220.0,484.0,744.0,713.0,0.0,137.0,853.0,813.0,959.0,120.0,922.0,440.0,0
CUST235,418.0,634.0,0.0,0.0,989.0,845.0,0.0,160.0,764.0,0.0,0.0,0.0,376.0,0
CUST236,928.0,236.0,947.0,208.0,646.0,105.0,0.0,0.0,0.0,312.0,0.0,196.0,980.0,0
CUST237,471.0,776.0,771.0,657.0,723.0,0.0,594.0,752.0,500.0,338.0,698.0,384.0,144.0,0
CUST238,749.0,110.0,334.0,812.0,305.0,333.0,733.0,0.0,214.0,598.0,773.0,639.0,515.0,0
CUST239,274.0,118.0,996.0,580.0,548.0,192.0,0.0,240.0,598.0,294.0,453.0,857.0,429.0,0
CUST240,350.0,673.0,413.0,106.0,636.0,920.0,270.0,628.0,202.0,916.0,292.0,852.0,0.0,0
CUST241,844.0,524.0,0.0,298.0,0.0,817.0,598.0,729.0,512.0,438.0,0.0,463.0,435.0,0
CUST242,815.0,0.0,0.0,971.0,25.0,850.0,391.0,215.0,0.0,284.0,434.0,0.0,831.0,0
CUST243,0.0,0.0,158.0,0.0,900.0,0.0,102.0,0.0,793.0,305.0,139.0,0.0,931.0,0
CUST244,349.0,968.0,508.0,0.0,603.0,413.0,300.0,818.0,147.0,467.0,929.0,235.0,528.0,0
CUST245,589.0,319.0,903.0,584.0,957.0,499.0,541.0,826.0,998.0,0.0,500.0,888.0,675.0,0
CUST246,306.0,749.0,435.0,815.0,494.0,0.0,399.0,829.0,692.0,0.0,833.0,0.0,613.0,0
CUST247,721.0,0.0,0.0,228.0,321.0,0.0,0.0,477.0,160.0,60.0,255.0,0.0,784.0,0
CUST248,639.0,491.0,303.0,0.0,633.0,992.0,0.0,260.0,674.0,868.0,0.0,776.0,169.0,0
CUST249,787.0,375.0,0.0,357.0,0.0,126.0,281.0,0.0,649.0,363.0,430.0,992.0,867.0,0
CUST250,607.0,798.0,0.0,558.0,600.0,403.0,697.0,902.0,598.0,50.0,0.0,265.0,0.0,1
CUST251,549.0,173.0,640.0,782.0,636.0,224.0,118.0,200.0,482.0,237.0,438.0,672.0,167.0,0
CUST252,760.0,661.0,567.0,0.0,414.0,999.0,269.0,212.0,0.0,857.0,0.0,879.0,662.0,0
CUST253,610.0,938.0,557.0,956.0,281.0,932.0,163.0,670.0,0.0,950.0,0.0,359.0,524.0,1
CUST254,0.0,0.0,158.0,306.0,395.0,0.0,500.0,0.0,879.0,142.0,0.0,0.0,474.0,0
CUST255,128.0,820.0,439.0,30.0,395.0,0.0,686.0,739.0,759.0,910.0,975.0,107.0,249.0,0
CUST256,363.0,850.0,924.0,564.0,984.0,322.0,0.0,0.0,730.0,306.0,0.0,706.0,0.0,2
CUST257,901.0,463.0,622.0,0.0,149.0,197.0,457.0,593.0,669.0,170.0,375.0,0.0,862.0,0
CUST258,519.0,138.0,0.0,0.0,0.0,0.0,749.0,159.0,667.0,639.0,148.0,50.0,0.0,0
CUST259,195.0,585.0,552.0,0.0,0.0,227.0,365.0,289.0,291.0,337.0,401.0,523.0,0.0,0
CUST260,0.0,787.0,889.0,283.0,325.0,876.0,60.0,629.0,188.0,0.0,470.0,0.0,0.0,3
CUST261,0.0,300.0,819.0,546.0,137.0,944.0,0.0,50.0,943.0,0.0,310.0,527.0,181.0,0
CUST262,688.0,0.0,0.0,957.0,976.0,948.0,120.0,489.0,0.0,328.0,287.0,369.0,706.0,0
CUST263,857.0,336.0,505.0,0.0,707.0,819.0,346.0,811.0,521.0,742.0,511.0,0.0,837.0,0
CUST264,444.0,354.0,695.0,226.0,936.0,0.0,407.0,865.0,0.0,861.0,824.0,801.0,386.0,0
CUST265,875.0,414.0,157.0,210.0,378.0,0.0,372.0,785.0,208.0,573.0,830.0,427.0,427.0,0
CUST266,0.0,337.0,597.0,970.0,0.0,832.0,0.0,112.0,0.0,707.0,437.0,193.0,0.0,1
CUST267,748.0,570.0,924.0,516.0,0.0,483.0,793.0,407.0,791.0,664.0,90.0,0.0,578.0,0
CUST268,0.0,982.0,238.0,206.0,367.0,766.0,331.0,141.0,801.0,289.0,171.0,714.0,420.0,0
CUST269,0.0,332.0,598.0,291.0,0.0,326.0,470.0,238.0,811.0,0.0,0.0,921.0,0.0,0
CUST270,470.0,0.0,0.0,0.0,0.0,218.0,300.0,0.0,343.0,649.0,392.0,0.0,127.0,0
CUST271,0.0,996.0,849.0,0.0,285.0,120.0,795.0,454.0,971.0,0.0,895.0,309.0,351.0,0
CUST272,610.0,100.0,901.0,0.0,474.0,0.0,848.0,0.0,0.0,753.0,636.0,0.0,0.0,0
CUST273,212.0,792.0,262.0,204.0,370.0,0.0,563.0,0.0,0.0,0.0,382.0,559.0,0.0,0
CUST274,951.0,0.0,769.0,568.0,477.0,998.0,0.0,532.0,825.0,0.0,727.0,0.0,248.0,1
CUST275,0.0,724.0,169.0,838.0,463.0,760.0,190.0,974.0,211.0,570.0,629.0,402.0,0.0,0
CUST276,410.0,155.0,336.0,792.0,291.0,989.0,0.0,0.0,648.0,672.0,104.0,336.0,542.0,0
CUST277,556.0,714.0,831.0,989.0,0.0,537.0,992.0,705.0,834.0,990.0,816.0,544.0,0.0,0
CUST278,0.0,0.0,793.0,0.0,0.0,589.0,0.0,0.0,434.0,290.0,860.0,504.0,525.0,0
CUST279,0.0,465.0,0.0,689.0,262.0,0.0,528.0,500.0,0.0,873.0,595.0,0.0,0.0,0
CUST280,547.0,914.0,489.0,631.0,670.0,0.0,506.0,0.0,104.0,316.0,853.0,125.0,809.0,0
CUST281,0.0,711.0,416.0,0.0,774.0,531.0,0.0,971.0,0.0,0.0,0.0,221.0,143.0,2
CUST282,0.0,487.0,831.0,819.0,286.0,850.0,0.0,979.0,562.0,907.0,0.0,935.0,289.0,0
CUST283,470.0,0.0,557.0,875.0,603.0,897.0,224.0,412.0,975.0,0.0,682.0,0.0,202.0,0
CUST284,719.0,200.0,105.0,717.0,523.0,103.0,245.0,733.0,593.0,192.0,882.0,387.0,0.0,0
CUST285,487.0,908.0,825.0,0.0,0.0,0.0,515.0,25.0,0.0,0.0,551.0,195.0,948.0,0
CUST286,940.0,175.0,0.0,332.0,369.0,0.0,629.0,212.0,698.0,492.0,415.0,350.0,324.0,0
CUST287,474.0,413.0,215.0,433.0,454.0,738.0,124.0,817.0,593.0,0.0,685.0,589.0,705.0,0
CUST288,629.0,854.0,0.0,340.0,0.0,0.0,430.0,883.0,582.0,0.0,0.0,153.0,0.0,1
CUST289,171.0,986.0,802.0,111.0,690.0,0.0,991.0,978.0,240.0,0.0,60.0,362.0,674.0,0
CUST290,0.0,881.0,274.0,223.0,279.0,712.0,762.0,480.0,499.0,170.0,0.0,392.0,175.0,1
CUST291,323.0,263.0,0.0,0.0,144.0,930.0,997.0,129.0,967.0,245.0,883.0,0.0,886.0,0
CUST292,434.0,1200.0,338.0,487.0,681.0,149.0,540.0,247.0,215.0,108.0,949.0,387.0,649.0,0
CUST293,706.0,577.0,748.0,0.0,483.0,258.0,0.0,234.0,717.0,246.0,0.0,679.0,589.0,0
CUST294,401.0,0.0,90.0,187.0,0.0,344.0,115.0,243.0,0.0,522.0,228.0,0.0,206.0,0
CUST295,891.0,0.0,485.0,0.0,0.0,717.0,900.0,717.0,280.0,871.0,207.0,810.0,0.0,0
CUST296,415.0,0.0,0.0,777.0,755.0,997.0,793.0,0.0,695.0,0.0,0.0,916.0,129.0,0
CUST297,652.0,567.0,284.0,819.0,382.0,853.0,633.0,0.0,1000.0,0.0,336.0,0.0,462.0,1
CUST298,420.0,0.0,787.0,1200.0,887.0,138.0,677.0,0.0,0.0,0.0,534.0,0.0,159.0,2
CUST299,968.0,0.0,721.0,0.0,827.0,0.0,379.0,0.0,413.0,773.0,227.0,945.0,757.0,0
CUST300,629.0,247.0,263.0,0.0,762.0,0.0,393.0,0.0,294.0,222.0,976.0,579.0,0.0,0
CUST301,416.0,698.0,120.0,0.0,0.0,655.0,626.0,0.0,241.0,899.0,810.0,657.0,0.0,0
CUST302,182.0,0.0,0.0,0.0,0.0,0.0,600.0,209.0,0.0,884.0,454.0,289.0,575.0,0
CUST303,823.0,830.0,707.0,686.0,954.0,346.0,936.0,0.0,740.0,700.0,665.0,607.0,171.0,1
CUST304,128.0,107.0,0.0,0.0,948.0,0.0,951.0,425.0,805.0,0.0,211.0,772.0,0.0,0
CUST305,151.0,287.0,0.0,0.0,30.0,270.0,575.0,784.0,185.0,0.0,752.0,0.0,540.0,0
CUST306,236.0,650.0,306.0,534.0,0.0,878.0,851.0,879.0,176.0,310.0,538.0,539.0,119.0,0
CUST307,966.0,0.0,0.0,427.0,676.0,0.0,319.0,151.0,331.0,0.0,0.0,0.0,542.0,0
CUST308,700.0,988.0,699.0,480.0,920.0,520.0,0.0,1200.0,368.0,819.0,665.0,217.0,145.0,1
CUST309,0.0,0.0,466.0,0.0,528.0,0.0,0.0,890.0,639.0,597.0,846.0,25.0,0.0,0
CUST310,0.0,599.0,0.0,0.0,849.0,0.0,784.0,819.0,0.0,25.0,0.0,513.0,192.0,0
CUST311,618.0,821.0,595.0,268.0,540.0,490.0,589.0,0.0,480.0,429.0,377.0,948.0,749.0,0
CUST312,0.0,612.0,526.0,0.0,577.0,0.0,601.0,170.0,829.0,0.0,0.0,0.0,359.0,0
CUST313,945.0,627.0,1500.0,0.0,255.0,757.0,476.0,0.0,0.0,512.0,0.0,0.0,607.0,3
CUST314,0.0,321.0,302.0,120.0,0.0,903.0,629.0,165.0,367.0,377.0,0.0,207.0,0.0,0
CUST315,0.0,0.0,200.0,641.0,0.0,860.0,0.0,865.0,456.0,0.0,706.0,0.0,132.0,0
CUST316,791.0,370.0,869.0,984.0,0.0,0.0,0.0,216.0,0.0,586.0,0.0,0.0,271.0,2
CUST317,980.0,0.0,0.0,295.0,704.0,121.0,271.0,990.0,622.0,197.0,679.0,821.0,549.0,0
CUST318,364.0,532.0,552.0,515.0,296.0,0.0,152.0,761.0,579.0,542.0,653.0,826.0,528.0,0
CUST319,495.0,166.0,0.0,246.0,448.0,393.0,0.0,688.0,0.0,500.0,0.0,0.0,722.0,0
CUST320,426.0,432.0,507.0,527.0,889.0,433.0,713.0,938.0,325.0,0.0,114.0,212.0,524.0,0
CUST321,0.0,0.0,945.0,270.0,988.0,467.0,519.0,0.0,0.0,0.0,0.0,0.0,890.0,2
CUST322,580.0,422.0,913.0,167.0,0.0,210.0,831.0,567.0,617.0,348.0,0.0,236.0,331.0,0
CUST323,274.0,860.0,930.0,814.0,134.0,538.0,210.0,213.0,246.0,469.0,594.0,687.0,0.0,0
CUST324,225.0,639.0,352.0,798.0,0.0,509.0,791.0,136.0,276.0,710.0,990.0,959.0,388.0,0
CUST325,184.0,313.0,0.0,184.0,335.0,0.0,0.0,0.0,50.0,893.0,0.0,538.0,843.0,0
CUST326,0.0,954.0,0.0,590.0,562.0,0.0,0.0,0.0,75.0,0.0,324.0,757.0,412.0,0
CUST327,446.0,912.0,395.0,208.0,748.0,924.0,0.0,211.0,632.0,344.0,688.0,898.0,189.0,0
CUST328,0.0,430.0,597.0,0.0,0.0,0.0,0.0,649.0,233.0,396.0,0.0,0.0,348.0,0
CUST329,848.0,607.0,252.0,443.0,801.0,992.0,100.0,528.0,134.0,340.0,0.0,983.0,0.0,1
CUST330,501.0,0.0,992.0,847.0,580.0,971.0,444.0,538.0,745.0,947.0,0.0,144.0,645.0,0
CUST331,267.0,236.0,615.0,253.0,290.0,0.0,308.0,720.0,0.0,0.0,487.0,620.0,114.0,0
CUST332,194.0,107.0,0.0,867.0,465.0,716.0,290.0,429.0,620.0,595.0,166.0,288.0,720.0,0
CUST333,857.0,923.0,952.0,931.0,0.0,229.0,671.0,907.0,890.0,714.0,0.0,298.0,586.0,1
CUST334,831.0,970.0,806.0,733.0,681.0,592.0,474.0,229.0,205.0,797.0,764.0,112.0,0.0,3
CUST335,243.0,120.0,316.0,0.0,0.0,0.0,315.0,423.0,417.0,460.0,0.0,114.0,483.0,0
CUST336,0.0,331.0,0.0,691.0,210.0,599.0,0.0,831.0,821.0,683.0,790.0,694.0,0.0,0
CUST337,0.0,0.0,785.0,0.0,948.0,430.0,0.0,225.0,251.0,0.0,0.0,538.0,637.0,0
CUST338,211.0,807.0,0.0,158.0,996.0,299.0,825.0,835.0,426.0,720.0,290.0,768.0,411.0,0
CUST339,264.0,942.0,50.0,674.0,397.0,0.0,0.0,0.0,984.0,583.0,0.0,798.0,789.0,0
CUST340,0.0,194.0,601.0,762.0,149.0,123.0,727.0,514.0,884.0,991.0,416.0,949.0,352.0,0
CUST341,355.0,0.0,983.0,100.0,321.0,0.0,880.0,852.0,587.0,800.0,545.0,451.0,645.0,0
CUST342,456.0,696.0,409.0,485.0,667.0,192.0,193.0,700.0,544.0,308.0,439.0,0.0,446.0,0
CUST343,627.0,918.0,0.0,692.0,0.0,0.0,489.0,961.0,759.0,168.0,581.0,547.0,424.0,0
CUST344,30.0,0.0,977.0,350.0,0.0,538.0,773.0,0.0,0.0,256.0,0.0,521.0,0.0,0
CUST345,0.0,0.0,260.0,0.0,205.0,158.0,0.0,0.0,643.0,0.0,30.0,204.0,383.0,0
CUST346,525.0,598.0,328.0,0.0,288.0,897.0,281.0,178.0,270.0,757.0,212.0,861.0,394.0,0
CUST347,896.0,0.0,0.0,0.0,462.0,945.0,0.0,25.0,620.0,0.0,151.0,981.0,573.0,0
CUST348,930.0,182.0,0.0,927.0,530.0,710.0,635.0,0.0,796.0,0.0,0.0,600.0,483.0,0
CUST349,306.0,570.0,209.0,539.0,501.0,0.0,497.0,393.0,372.0,858.0,377.0,221.0,0.0,0
CUST350,318.0,0.0,0.0,996.0,888.0,278.0,0.0,0.0,0.0,627.0,591.0,809.0,420.0,0
CUST351,0.0,913.0,261.0,551.0,207.0,0.0,490.0,0.0,946.0,0.0,792.0,426.0,0.0,0
CUST352,157.0,196.0,0.0,850.0,297.0,228.0,0.0,600.0,537.0,144.0,310.0,439.0,972.0,0
CUST353,819.0,229.0,947.0,905.0,698.0,666.0,0.0,989.0,708.0,646.0,730.0,433.0,253.0,0
CUST354,109.0,682.0,0.0,672.0,716.0,100.0,189.0,142.0,202.0,617.0,369.0,835.0,279.0,0
CUST355,0.0,931.0,0.0,0.0,0.0,673.0,0.0,593.0,820.0,766.0,0.0,626.0,383.0,0
CUST356,526.0,0.0,636.0,0.0,216.0,814.0,265.0,173.0,200.0,0.0,0.0,275.0,0.0,0
CUST357,0.0,372.0,417.0,436.0,75.0,935.0,748.0,0.0,0.0,216.0,0.0,0.0,0.0,2
CUST358,200.0,0.0,653.0,823.0,300.0,595.0,628.0,0.0,181.0,0.0,0.0,0.0,656.0,0
CUST359,0.0,0.0,637.0,0.0,346.0,882.0,50.0,0.0,0.0,957.0,254.0,0.0,630.0,0
CUST360,0.0,0.0,100.0,687.0,0.0,795.0,742.0,930.0,276.0,0.0,974.0,0.0,0.0,0
CUST361,660.0,228.0,0.0,0.0,0.0,217.0,0.0,0.0,0.0,0.0,929.0,365.0,636.0,0
CUST362,0.0,823.0,674.0,0.0,400.0,0.0,0.0,0.0,260.0,220.0,535.0,0.0,637.0,0
CUST363,556.0,0.0,709.0,845.0,381.0,993.0,847.0,915.0,760.0,0.0,0.0,677.0,0.0,0
CUST364,455.0,291.0,608.0,233.0,438.0,655.0,377.0,177.0,337.0,883.0,711.0,773.0,0.0,0
CUST365,746.0,456.0,0.0,0.0,0.0,300.0,242.0,622.0,915.0,542.0,0.0,0.0,168.0,0
CUST366,717.0,988.0,521.0,939.0,0.0,504.0,0.0,248.0,366.0,0.0,939.0,0.0,0.0,2
CUST367,868.0,879.0,0.0,496.0,982.0,965.0,0.0,756.0,970.0,205.0,615.0,0.0,834.0,0
CUST368,546.0,101.0,751.0,0.0,940.0,0.0,366.0,736.0,0.0,994.0,540.0,491.0,406.0,0
CUST369,853.0,760.0,851.0,0.0,0.0,537.0,953.0,405.0,335.0,0.0,1500.0,0.0,0.0,1
CUST370,341.0,756.0,474.0,0.0,489.0,545.0,0.0,365.0,941.0,393.0,150.0,477.0,662.0,0
CUST371,279.0,685.0,209.0,382.0,0.0,0.0,845.0,0.0,893.0,397.0,915.0,451.0,643.0,0
CUST372,902.0,1500.0,328.0,0.0,534.0,0.0,0.0,0.0,0.0,786.0,0.0,695.0,325.0,1
CUST373,276.0,0.0,293.0,263.0,0.0,0.0,238.0,0.0,317.0,600.0,285.0,260.0,0.0,0
CUST374,819.0,629.0,156.0,211.0,920.0,645.0,932.0,509.0,104.0,409.0,891.0,239.0,0.0,0
CUST375,767.0,381.0,0.0,357.0,693.0,0.0,738.0,303.0,688.0,115.0,187.0,250.0,584.0,0
CUST376,242.0,454.0,515.0,839.0,809.0,139.0,738.0,354.0,0.0,851.0,952.0,0.0,874.0,0
CUST377,243.0,560.0,734.0,0.0,0.0,288.0,0.0,0.0,354.0,0.0,0.0,0.0,762.0,0
CUST378,581.0,793.0,855.0,296.0,0.0,411.0,198.0,0.0,0.0,0.0,383.0,325.0,977.0,0
CUST379,777.0,685.0,406.0,872.0,498.0,320.0,0.0,476.0,754.0,0.0,694.0,0.0,782.0,0
CUST380,162.0,204.0,0.0,871.0,620.0,960.0,609.0,325.0,757.0,0.0,408.0,732.0,672.0,0
CUST381,660.0,0.0,269.0,0.0,0.0,857.0,189.0,0.0,955.0,0.0,785.0,0.0,0.0,0
CUST382,788.0,150.0,827.0,479.0,466.0,0.0,0.0,267.0,709.0,910.0,338.0,659.0,573.0,0
CUST383,0.0,568.0,90.0,0.0,687.0,0.0,410.0,923.0,735.0,916.0,0.0,0.0,0.0,0
CUST384,513.0,136.0,502.0,161.0,519.0,0.0,0.0,501.0,144.0,0.0,305.0,0.0,432.0,0
CUST385,877.0,396.0,0.0,0.0,989.0,141.0,0.0,552.0,621.0,154.0,330.0,493.0,0.0,0
CUST386,919.0,157.0,777.0,578.0,395.0,168.0,876.0,544.0,673.0,796.0,0.0,600.0,244.0,0
CUST387,0.0,0.0,0.0,0.0,170.0,318.0,194.0,0.0,924.0,632.0,361.0,365.0,996.0,0
CUST388,292.0,156.0,809.0,0.0,483.0,486.0,0.0,0.0,336.0,964.0,25.0,704.0,118.0,0
CUST389,0.0,467.0,0.0,283.0,0.0,472.0,698.0,0.0,0.0,297.0,470.0,50.0,596.0,0
CUST390,0.0,0.0,0.0,357.0,382.0,0.0,0.0,0.0,711.0,673.0,0.0,118.0,674.0,0
CUST391,384.0,0.0,0.0,827.0,0.0,0.0,0.0,808.0,303.0,295.0,769.0,0.0,0.0,0
CUST392,0.0,0.0,0.0,0.0,0.0,443.0,710.0,0.0,0.0,814.0,378.0,740.0,308.0,0
CUST393,740.0,532.0,991.0,146.0,478.0,202.0,208.0,953.0,245.0,195.0,926.0,0.0,621.0,0
CUST394,646.0,488.0,812.0,299.0,278.0,610.0,693.0,492.0,137.0,593.0,0.0,0.0,354.0,1
CUST395,915.0,410.0,777.0,0.0,378.0,992.0,100.0,167.0,187.0,562.0,503.0,1000.0,316.0,0
CUST396,685.0,908.0,221.0,295.0,578.0,426.0,116.0,207.0,0.0,351.0,562.0,602.0,417.0,0
CUST397,425.0,431.0,313.0,515.0,173.0,608.0,0.0,789.0,456.0,953.0,662.0,678.0,614.0,0
CUST398,0.0,358.0,822.0,582.0,830.0,816.0,0.0,0.0,635.0,251.0,376.0,615.0,585.0,0
CUST399,843.0,361.0,948.0,340.0,0.0,0.0,454.0,0.0,0.0,240.0,884.0,519.0,766.0,0
CUST400,934.0,200.0,0.0,0.0,543.0,326.0,495.0,538.0,0.0,541.0,0.0,0.0,0.0,1
CUST401,139.0,985.0,156.0,0.0,358.0,435.0,0.0,646.0,616.0,987.0,739.0,0.0,272.0,0
CUST402,546.0,0.0,837.0,0.0,0.0,515.0,0.0,0.0,169.0,908.0,0.0,540.0,631.0,0
CUST403,0.0,265.0,434.0,741.0,600.0,700.0,0.0,951.0,0.0,313.0,0.0,0.0,169.0,2
CUST404,0.0,578.0,577.0,690.0,1000.0,931.0,904.0,0.0,472.0,749.0,854.0,473.0,0.0,1
CUST405,0.0,0.0,474.0,926.0,563.0,280.0,0.0,0.0,780.0,191.0,1200.0,0.0,936.0,0
CUST406,323.0,675.0,659.0,278.0,450.0,664.0,448.0,736.0,246.0,281.0,253.0,837.0,0.0,0
CUST407,222.0,210.0,710.0,0.0,201.0,437.0,834.0,546.0,165.0,145.0,702.0,263.0,804.0,0
CUST408,0.0,287.0,288.0,514.0,357.0,0.0,0.0,876.0,0.0,680.0,608.0,0.0,329.0,0
CUST409,0.0,0.0,329.0,0.0,0.0,0.0,125.0,354.0,800.0,335.0,317.0,900.0,445.0,0
CUST410,0.0,189.0,875.0,555.0,0.0,777.0,316.0,273.0,254.0,929.0,100.0,797.0,457.0,0
CUST411,130.0,348.0,0.0,876.0,200.0,0.0,0.0,0.0,597.0,370.0,0.0,704.0,0.0,0
CUST412,258.0,511.0,713.0,172.0,324.0,348.0,531.0,113.0,777.0,0.0,472.0,604.0,0.0,0
CUST413,172.0,972.0,984.0,933.0,157.0,775.0,913.0,698.0,382.0,228.0,0.0,141.0,636.0,1
CUST414,181.0,904.0,0.0,0.0,503.0,0.0,761.0,303.0,0.0,0.0,698.0,101.0,0.0,0
CUST415,635.0,145.0,912.0,610.0,315.0,870.0,922.0,0.0,591.0,944.0,548.0,430.0,594.0,0
CUST416,0.0,936.0,0.0,0.0,829.0,496.0,679.0,0.0,582.0,398.0,214.0,0.0,0.0,1
CUST417,260.0,0.0,101.0,275.0,968.0,690.0,0.0,994.0,0.0,637.0,900.0,0.0,0.0,0
CUST418,828.0,739.0,135.0,0.0,424.0,897.0,538.0,694.0,925.0,691.0,409.0,676.0,406.0,0
CUST419,780.0,563.0,533.0,658.0,714.0,165.0,120.0,0.0,633.0,911.0,0.0,483.0,711.0,0
CUST420,970.0,855.0,158.0,964.0,594.0,854.0,200.0,198.0,337.0,613.0,613.0,275.0,0.0,2
CUST421,131.0,0.0,0.0,0.0,0.0,948.0,205.0,270.0,0.0,605.0,0.0,0.0,173.0,0
CUST422,960.0,731.0,213.0,256.0,561.0,242.0,992.0,781.0,0.0,0.0,489.0,434.0,0.0,1
CUST423,0.0,0.0,354.0,419.0,528.0,821.0,669.0,631.0,0.0,973.0,973.0,201.0,0.0,0
CUST424,0.0,333.0,680.0,0.0,388.0,0.0,0.0,0.0,0.0,131.0,1200.0,656.0,748.0,0
CUST425,842.0,0.0,0.0,636.0,774.0,399.0,679.0,790.0,410.0,570.0,529.0,240.0,492.0,0
CUST426,923.0,0.0,782.0,482.0,0.0,0.0,261.0,170.0,0.0,0.0,385.0,866.0,0.0,0
CUST427,815.0,583.0,715.0,549.0,453.0,0.0,0.0,970.0,696.0,622.0,199.0,909.0,757.0,0
CUST428,826.0,0.0,427.0,995.0,0.0,0.0,310.0,125.0,872.0,651.0,942.0,0.0,818.0,0
CUST429,205.0,0.0,0.0,890.0,171.0,637.0,0.0,963.0,0.0,0.0,623.0,746.0,744.0,0
CUST430,0.0,964.0,117.0,216.0,0.0,243.0,893.0,846.0,897.0,0.0,853.0,816.0,0.0,0
CUST431,0.0,285.0,524.0,171.0,941.0,169.0,757.0,884.0,858.0,873.0,249.0,545.0,345.0,0
CUST432,620.0,178.0,0.0,794.0,350.0,0.0,0.0,151.0,600.0,493.0,0.0,0.0,0.0,0
CUST433,858.0,200.0,0.0,596.0,531.0,309.0,803.0,422.0,0.0,0.0,0.0,0.0,502.0,1
CUST434,229.0,821.0,198.0,455.0,505.0,819.0,432.0,623.0,0.0,396.0,392.0,272.0,123.0,0
CUST435,640.0,294.0,0.0,642.0,982.0,0.0,0.0,893.0,0.0,0.0,605.0,265.0,331.0,0
CUST436,0.0,528.0,738.0,478.0,478.0,116.0,382.0,639.0,0.0,461.0,655.0,455.0,297.0,0
CUST437,827.0,0.0,0.0,0.0,772.0,0.0,0.0,0.0,705.0,168.0,522.0,710.0,446.0,0
CUST438,119.0,354.0,0.0,632.0,0.0,440.0,137.0,791.0,416.0,157.0,759.0,960.0,488.0,0
CUST439,0.0,0.0,431.0,659.0,470.0,0.0,390.0,705.0,0.0,0.0,924.0,112.0,0.0,1
CUST440,260.0,0.0,115.0,607.0,311.0,0.0,0.0,299.0,983.0,203.0,315.0,597.0,857.0,0
CUST441,606.0,688.0,483.0,626.0,789.0,799.0,0.0,424.0,0.0,1200.0,903.0,930.0,0.0,0
CUST442,900.0,252.0,640.0,881.0,573.0,326.0,178.0,888.0,0.0,0.0,856.0,532.0,762.0,0
CUST443,0.0,587.0,0.0,0.0,172.0,0.0,0.0,629.0,0.0,849.0,0.0,900.0,842.0,0
CUST444,0.0,317.0,90.0,499.0,0.0,0.0,443.0,952.0,622.0,0.0,958.0,0.0,0.0,0
CUST445,300.0,387.0,748.0,503.0,908.0,764.0,0.0,165.0,327.0,382.0,884.0,233.0,0.0,0
CUST446,810.0,220.0,0.0,0.0,0.0,50.0,913.0,281.0,125.0,336.0,562.0,866.0,605.0,0
CUST447,0.0,607.0,893.0,0.0,236.0,977.0,437.0,0.0,727.0,0.0,0.0,136.0,0.0,3
CUST448,898.0,878.0,495.0,0.0,698.0,0.0,532.0,0.0,502.0,0.0,0.0,199.0,595.0,1
CUST449,890.0,512.0,158.0,222.0,328.0,942.0,805.0,603.0,982.0,747.0,0.0,238.0,701.0,0
CUST450,0.0,0.0,0.0,892.0,394.0,0.0,0.0,511.0,270.0,0.0,174.0,177.0,120.0,2
CUST451,620.0,342.0,0.0,852.0,611.0,948.0,964.0,760.0,470.0,200.0,757.0,518.0,732.0,0
CUST452,579.0,0.0,0.0,0.0,527.0,0.0,948.0,746.0,257.0,321.0,255.0,0.0,753.0,0
CUST453,313.0,0.0,0.0,123.0,0.0,0.0,814.0,0.0,420.0,373.0,0.0,857.0,0.0,0
CUST454,704.0,821.0,478.0,141.0,305.0,895.0,831.0,0.0,0.0,215.0,0.0,0.0,565.0,2
CUST455,738.0,837.0,540.0,0.0,0.0,0.0,106.0,0.0,786.0,0.0,392.0,0.0,381.0,0
CUST456,296.0,0.0,767.0,349.0,0.0,694.0,0.0,975.0,841.0,466.0,934.0,834.0,0.0,0
CUST457,620.0,140.0,0.0,403.0,272.0,915.0,900.0,0.0,333.0,892.0,0.0,309.0,214.0,0
CUST458,312.0,493.0,0.0,851.0,734.0,383.0,0.0,817.0,0.0,121.0,438.0,0.0,897.0,0
CUST459,869.0,0.0,813.0,448.0,0.0,0.0,324.0,466.0,0.0,812.0,0.0,837.0,357.0,0
CUST460,993.0,334.0,609.0,899.0,50.0,0.0,0.0,0.0,599.0,808.0,651.0,388.0,884.0,0
CUST461,251.0,0.0,1000.0,377.0,750.0,863.0,0.0,0.0,0.0,0.0,401.0,0.0,801.0,0
CUST462,108.0,994.0,900.0,260.0,977.0,832.0,372.0,473.0,847.0,407.0,0.0,786.0,178.0,0
CUST463,0.0,294.0,468.0,401.0,0.0,332.0,924.0,338.0,491.0,0.0,111.0,0.0,621.0,0
CUST464,600.0,999.0,155.0,0.0,352.0,0.0,897.0,484.0,0.0,217.0,459.0,0.0,0.0,1
CUST465,202.0,291.0,0.0,150.0,106.0,0.0,973.0,0.0,192.0,739.0,330.0,495.0,666.0,0
CUST466,383.0,562.0,240.0,754.0,843.0,725.0,192.0,0.0,375.0,0.0,644.0,322.0,514.0,0
CUST467,989.0,720.0,462.0,130.0,0.0,921.0,150.0,0.0,0.0,840.0,0.0,0.0,339.0,2
CUST468,697.0,481.0,436.0,648.0,218.0,151.0,702.0,491.0,909.0,388.0,0.0,25.0,0.0,1
CUST469,711.0,265.0,960.0,475.0,649.0,280.0,0.0,0.0,603.0,0.0,0.0,716.0,630.0,0
CUST470,0.0,262.0,335.0,215.0,617.0,323.0,0.0,733.0,0.0,526.0,0.0,0.0,0.0,0
CUST471,681.0,0.0,493.0,943.0,0.0,0.0,795.0,0.0,0.0,732.0,703.0,600.0,0.0,0
CUST472,789.0,261.0,203.0,0.0,0.0,0.0,0.0,260.0,0.0,898.0,430.0,392.0,985.0,0
CUST473,257.0,50.0,212.0,517.0,143.0,0.0,0.0,311.0,227.0,884.0,0.0,0.0,975.0,0
CUST474,0.0,0.0,0.0,0.0,588.0,389.0,843.0,786.0,801.0,0.0,971.0,456.0,756.0,0
CUST475,299.0,980.0,848.0,339.0,0.0,394.0,782.0,237.0,611.0,495.0,791.0,0.0,788.0,0
CUST476,319.0,110.0,426.0,551.0,546.0,891.0,0.0,324.0,134.0,111.0,428.0,839.0,989.0,0
CUST477,0.0,458.0,0.0,626.0,0.0,642.0,0.0,801.0,227.0,0.0,997.0,0.0,0.0,0
CUST478,176.0,0.0,735.0,60.0,0.0,328.0,0.0,396.0,630.0,713.0,0.0,0.0,0.0,0
CUST479,264.0,805.0,724.0,886.0,423.0,897.0,672.0,1200.0,924.0,703.0,0.0,797.0,425.0,0
CUST480,538.0,817.0,574.0,806.0,968.0,898.0,565.0,432.0,0.0,439.0,500.0,151.0,977.0,0
CUST481,700.0,760.0,599.0,0.0,0.0,584.0,105.0,775.0,816.0,0.0,217.0,765.0,871.0,0
CUST482,190.0,374.0,165.0,240.0,301.0,735.0,0.0,212.0,697.0,178.0,761.0,657.0,452.0,0
CUST483,783.0,255.0,0.0,561.0,0.0,111.0,0.0,0.0,0.0,0.0,0.0,576.0,802.0,0
CUST484,1200.0,991.0,315.0,654.0,0.0,462.0,986.0,0.0,0.0,553.0,455.0,429.0,0.0,3
CUST485,345.0,969.0,957.0,827.0,205.0,838.0,178.0,275.0,292.0,415.0,0.0,150.0,352.0,2
CUST486,245.0,386.0,763.0,25.0,413.0,352.0,227.0,812.0,240.0,0.0,524.0,922.0,283.0,0
CUST487,720.0,0.0,0.0,703.0,727.0,0.0,2000.0,237.0,0.0,0.0,882.0,0.0,521.0,0
CUST488,494.0,997.0,765.0,164.0,705.0,938.0,868.0,232.0,0.0,909.0,475.0,566.0,389.0,0
CUST489,891.0,369.0,481.0,0.0,30.0,552.0,0.0,410.0,814.0,391.0,964.0,123.0,962.0,0
CUST490,948.0,141.0,640.0,910.0,264.0,0.0,797.0,0.0,262.0,384.0,665.0,394.0,0.0,1
CUST491,209.0,633.0,0.0,0.0,901.0,492.0,190.0,407.0,475.0,0.0,0.0,842.0,0.0,0
CUST492,0.0,245.0,0.0,0.0,0.0,815.0,398.0,0.0,0.0,266.0,0.0,249.0,973.0,0
CUST493,0.0,313.0,0.0,673.0,0.0,0.0,0.0,772.0,427.0,0.0,480.0,0.0,829.0,0
CUST494,805.0,0.0,864.0,0.0,644.0,955.0,275.0,0.0,200.0,0.0,501.0,0.0,669.0,0
CUST495,605.0,419.0,0.0,540.0,652.0,936.0,60.0,882.0,0.0,716.0,722.0,0.0,0.0,0
CUST496,904.0,386.0,918.0,681.0,799.0,161.0,0.0,263.0,541.0,448.0,268.0,324.0,113.0,2
CUST497,841.0,525.0,200.0,0.0,0.0,949.0,738.0,0.0,640.0,120.0,205.0,621.0,778.0,0
CUST498,0.0,842.0,453.0,0.0,0.0,479.0,0.0,416.0,0.0,644.0,365.0,209.0,0.0,0
CUST499,60.0,895.0,416.0,0.0,594.0,750.0,419.0,909.0,198.0,222.0,692.0,556.0,898.0,0
CUST500,989.0,0.0,153.0,455.0,0.0,0.0,231.0,0.0,392.0,996.0,0.0,0.0,892.0,0
CUST501,643.0,0.0,405.0,815.0,100.0,0.0,0.0,205.0,0.0,0.0,856.0,683.0,531.0,0
CUST502,949.0,253.0,453.0,888.0,0.0,941.0,277.0,0.0,924.0,977.0,375.0,0.0,300.0,0
CUST503,252.0,174.0,513.0,0.0,576.0,0.0,0.0,937.0,930.0,2000.0,0.0,203.0,942.0,0
CUST504,243.0,767.0,518.0,805.0,828.0,898.0,688.0,184.0,780.0,0.0,624.0,684.0,933.0,0
CUST505,966.0,0.0,538.0,481.0,231.0,369.0,429.0,0.0,495.0,237.0,656.0,942.0,649.0,0
CUST506,285.0,1500.0,0.0,309.0,0.0,203.0,227.0,781.0,0.0,925.0,0.0,0.0,0.0,1
CUST507,776.0,620.0,0.0,375.0,801.0,238.0,961.0,209.0,0.0,598.0,786.0,152.0,390.0,0
CUST508,175.0,480.0,940.0,0.0,615.0,0.0,867.0,600.0,915.0,172.0,176.0,0.0,0.0,0
CUST509,669.0,877.0,0.0,344.0,816.0,900.0,0.0,0.0,812.0,0.0,677.0,0.0,481.0,0
CUST510,0.0,363.0,102.0,0.0,736.0,200.0,855.0,0.0,0.0,142.0,0.0,323.0,0.0,0
CUST511,0.0,703.0,912.0,0.0,0.0,836.0,354.0,817.0,705.0,929.0,0.0,609.0,890.0,0
CUST512,132.0,187.0,165.0,172.0,412.0,892.0,0.0,939.0,950.0,657.0,119.0,761.0,663.0,0
CUST513,409.0,761.0,201.0,881.0,0.0,821.0,0.0,0.0,100.0,230.0,391.0,0.0,0.0,2
CUST514,582.0,986.0,968.0,232.0,682.0,182.0,370.0,448.0,0.0,210.0,156.0,724.0,475.0,1
CUST515,308.0,804.0,0.0,0.0,0.0,918.0,501.0,711.0,0.0,290.0,649.0,931.0,151.0,0
CUST516,0.0,801.0,705.0,0.0,463.0,464.0,0.0,0.0,0.0,591.0,751.0,328.0,501.0,0
CUST517,939.0,488.0,542.0,100.0,378.0,716.0,308.0,936.0,620.0,582.0,380.0,246.0,356.0,0
CUST518,0.0,0.0,251.0,950.0,498.0,282.0,517.0,997.0,382.0,722.0,171.0,173.0,454.0,0
CUST519,120.0,771.0,445.0,818.0,983.0,836.0,880.0,293.0,291.0,202.0,948.0,980.0,314.0,0
CUST520,865.0,450.0,0.0,309.0,930.0,0.0,328.0,0.0,393.0,749.0,527.0,100.0,530.0,0
CUST521,0.0,166.0,352.0,648.0,398.0,824.0,853.0,562.0,595.0,394.0,257.0,730.0,767.0,0
CUST522,321.0,668.0,541.0,0.0,0.0,534.0,673.0,0.0,0.0,772.0,627.0,317.0,377.0,0
CUST523,938.0,0.0,368.0,898.0,876.0,0.0,0.0,0.0,902.0,797.0,0.0,0.0,230.0,1
CUST524,511.0,0.0,0.0,0.0,0.0,0.0,0.0,217.0,0.0,535.0,182.0,324.0,834.0,0
CUST525,408.0,809.0,0.0,0.0,0.0,0.0,172.0,795.0,0.0,689.0,0.0,798.0,734.0,0
CUST526,337.0,455.0,0.0,181.0,679.0,475.0,591.0,0.0,372.0,0.0,0.0,255.0,143.0,0
CUST527,700.0,245.0,793.0,50.0,638.0,811.0,356.0,893.0,288.0,339.0,0.0,198.0,0.0,1
CUST528,458.0,788.0,0.0,834.0,360.0,268.0,298.0,433.0,986.0,749.0,713.0,438.0,897.0,0
CUST529,690.0,0.0,884.0,0.0,146.0,924.0,0.0,150.0,424.0,0.0,860.0,426.0,343.0,0
CUST530,109.0,223.0,654.0,714.0,428.0,642.0,960.0,286.0,373.0,767.0,0.0,307.0,0.0,0
CUST531,190.0,987.0,0.0,381.0,833.0,0.0,0.0,306.0,0.0,615.0,164.0,266.0,256.0,0
CUST532,0.0,0.0,169.0,0.0,297.0,120.0,0.0,484.0,729.0,558.0,0.0,304.0,0.0,0
CUST533,659.0,900.0,813.0,338.0,137.0,0.0,356.0,0.0,597.0,496.0,159.0,676.0,948.0,0
CUST534,0.0,827.0,548.0,168.0,0.0,1000.0,356.0,892.0,0.0,0.0,0.0,0.0,700.0,1
CUST535,0.0,0.0,0.0,742.0,660.0,543.0,654.0,533.0,0.0,0.0,156.0,90.0,943.0,1
CUST536,0.0,0.0,825.0,0.0,0.0,187.0,837.0,0.0,705.0,187.0,164.0,0.0,812.0,0
CUST537,0.0,746.0,0.0,179.0,572.0,500.0,919.0,858.0,0.0,557.0,770.0,814.0,871.0,0
CUST538,646.0,979.0,913.0,0.0,724.0,0.0,0.0,654.0,214.0,894.0,648.0,0.0,216.0,1
CUST539,526.0,520.0,421.0,0.0,0.0,548.0,162.0,527.0,0.0,0.0,767.0,603.0,967.0,0
CUST540,752.0,0.0,106.0,0.0,0.0,0.0,769.0,0.0,0.0,0.0,571.0,294.0,374.0,0
CUST541,561.0,0.0,0.0,900.0,0.0,0.0,500.0,0.0,865.0,516.0,622.0,0.0,179.0,0
CUST542,158.0,865.0,263.0,879.0,870.0,985.0,706.0,665.0,122.0,334.0,948.0,925.0,0.0,0
CUST543,167.0,151.0,270.0,931.0,771.0,437.0,936.0,166.0,0.0,331.0,877.0,724.0,399.0,0
CUST544,931.0,885.0,0.0,0.0,0.0,122.0,600.0,390.0,283.0,228.0,0.0,25.0,0.0,2
CUST545,0.0,989.0,0.0,487.0,0.0,340.0,957.0,830.0,516.0,0.0,0.0,0.0,881.0,0
CUST546,326.0,221.0,0.0,858.0,548.0,393.0,0.0,140.0,550.0,366.0,640.0,927.0,699.0,0
CUST547,0.0,406.0,2000.0,596.0,495.0,0.0,522.0,154.0,772.0,516.0,969.0,896.0,0.0,1
CUST548,0.0,680.0,720.0,166.0,836.0,0.0,532.0,219.0,0.0,511.0,347.0,566.0,698.0,0
CUST549,555.0,220.0,562.0,296.0,231.0,733.0,0.0,100.0,736.0,905.0,212.0,0.0,581.0,0
CUST550,0.0,181.0,898.0,0.0,141.0,0.0,0.0,186.0,0.0,599.0,161.0,111.0,0.0,0
CUST551,507.0,0.0,0.0,853.0,997.0,556.0,752.0,810.0,0.0,0.0,0.0,0.0,0.0,1
CUST552,832.0,119.0,991.0,589.0,0.0,425.0,572.0,589.0,628.0,374.0,849.0,357.0,844.0,0
CUST553,732.0,0.0,1200.0,0.0,510.0,0.0,0.0,592.0,103.0,0.0,272.0,0.0,520.0,0
CUST554,644.0,441.0,291.0,727.0,691.0,799.0,109.0,0.0,881.0,0.0,118.0,581.0,283.0,0
CUST555,303.0,372.0,132.0,0.0,222.0,307.0,912.0,612.0,736.0,107.0,0.0,908.0,617.0,0
CUST556,644.0,722.0,789.0,794.0,0.0,437.0,424.0,124.0,605.0,984.0,245.0,194.0,779.0,0
CUST557,756.0,243.0,675.0,687.0,840.0,0.0,90.0,919.0,0.0,640.0,958.0,444.0,368.0,0
CUST558,657.0,116.0,0.0,272.0,958.0,155.0,138.0,711.0,0.0,128.0,166.0,0.0,325.0,0
CUST559,697.0,711.0,0.0,328.0,416.0,820.0,0.0,794.0,739.0,867.0,985.0,0.0,826.0,0
CUST560,472.0,0.0,0.0,0.0,0.0,224.0,194.0,0.0,0.0,359.0,0.0,879.0,564.0,0
CUST561,0.0,365.0,312.0,307.0,2000.0,306.0,0.0,0.0,0.0,933.0,0.0,0.0,392.0,1
CUST562,554.0,294.0,587.0,114.0,678.0,868.0,839.0,0.0,230.0,262.0,0.0,331.0,0.0,1
CUST563,819.0,0.0,358.0,910.0,846.0,189.0,0.0,464.0,246.0,726.0,0.0,242.0,391.0,0
CUST564,0.0,665.0,108.0,0.0,0.0,152.0,822.0,322.0,577.0,176.0,999.0,706.0,0.0,0
CUST565,223.0,356.0,121.0,944.0,549.0,649.0,0.0,405.0,118.0,651.0,395.0,0.0,979.0,0
CUST566,723.0,568.0,881.0,502.0,706.0,639.0,123.0,171.0,937.0,670.0,0.0,701.0,856.0,0
CUST567,263.0,844.0,575.0,348.0,0.0,687.0,748.0,0.0,909.0,0.0,354.0,0.0,519.0,0
CUST568,0.0,880.0,533.0,666.0,387.0,186.0,810.0,628.0,402.0,0.0,540.0,598.0,668.0,0
CUST569,530.0,327.0,783.0,784.0,927.0,0.0,380.0,237.0,939.0,809.0,240.0,677.0,0.0,0
CUST570,463.0,838.0,243.0,169.0,865.0,580.0,0.0,538.0,895.0,553.0,407.0,924.0,958.0,0
CUST571,254.0,842.0,966.0,927.0,968.0,982.0,501.0,0.0,130.0,667.0,324.0,316.0,476.0,1
CUST572,0.0,0.0,911.0,366.0,220.0,416.0,0.0,646.0,124.0,935.0,531.0,0.0,0.0,1
CUST573,417.0,0.0,716.0,0.0,624.0,0.0,349.0,902.0,500.0,817.0,0.0,419.0,481.0,0
CUST574,395.0,0.0,0.0,566.0,334.0,0.0,159.0,50.0,332.0,370.0,0.0,776.0,805.0,0
CUST575,363.0,738.0,935.0,0.0,556.0,725.0,0.0,0.0,0.0,245.0,234.0,0.0,0.0,2
CUST576,0.0,191.0,0.0,125.0,573.0,116.0,0.0,0.0,0.0,265.0,494.0,343.0,827.0,0
CUST577,458.0,2000.0,0.0,601.0,0.0,0.0,383.0,969.0,272.0,983.0,646.0,480.0,0.0,0
CUST578,0.0,699.0,0.0,0.0,120.0,947.0,508.0,0.0,602.0,0.0,826.0,0.0,703.0,0
CUST579,450.0,448.0,515.0,334.0,855.0,985.0,495.0,986.0,938.0,528.0,0.0,580.0,969.0,0
CUST580,0.0,0.0,0.0,0.0,226.0,690.0,720.0,987.0,772.0,630.0,304.0,538.0,0.0,1
CUST581,758.0,593.0,271.0,410.0,502.0,0.0,562.0,0.0,768.0,869.0,775.0,765.0,0.0,0
CUST582,832.0,911.0,154.0,739.0,583.0,609.0,704.0,0.0,855.0,935.0,522.0,232.0,635.0,0
CUST583,398.0,480.0,688.0,221.0,396.0,940.0,874.0,988.0,660.0,0.0,600.0,461.0,0.0,0
CUST584,194.0,815.0,293.0,613.0,581.0,0.0,896.0,789.0,363.0,878.0,652.0,760.0,569.0,0
CUST585,375.0,0.0,0.0,0.0,378.0,915.0,0.0,372.0,0.0,539.0,253.0,613.0,348.0,0
CUST586,742.0,128.0,333.0,515.0,890.0,749.0,120.0,601.0,247.0,813.0,0.0,591.0,642.0,0
CUST587,860.0,0.0,0.0,0.0,0.0,593.0,589.0,0.0,572.0,0.0,320.0,632.0,0.0,0
CUST588,804.0,0.0,161.0,607.0,328.0,0.0,0.0,0.0,644.0,0.0,914.0,134.0,706.0,0
CUST589,890.0,937.0,0.0,575.0,185.0,0.0,906.0,295.0,0.0,235.0,0.0,232.0,423.0,1
CUST590,736.0,677.0,893.0,0.0,0.0,861.0,954.0,418.0,901.0,453.0,0.0,0.0,174.0,1
CUST591,986.0,435.0,194.0,196.0,563.0,857.0,425.0,903.0,0.0,167.0,659.0,918.0,173.0,0
CUST592,861.0,431.0,444.0,0.0,683.0,767.0,932.0,846.0,846.0,935.0,919.0,497.0,0.0,0
CUST593,526.0,165.0,921.0,266.0,935.0,721.0,377.0,118.0,502.0,0.0,564.0,141.0,684.0,0
CUST594,0.0,0.0,453.0,0.0,0.0,711.0,0.0,303.0,160.0,492.0,0.0,0.0,406.0,0
CUST595,736.0,237.0,406.0,0.0,0.0,0.0,510.0,845.0,307.0,672.0,2000.0,0.0,0.0,0
CUST596,0.0,971.0,790.0,734.0,0.0,0.0,0.0,475.0,659.0,0.0,231.0,899.0,0.0,1
CUST597,980.0,0.0,0.0,0.0,274.0,794.0,692.0,321.0,714.0,0.0,396.0,194.0,153.0,0
CUST598,794.0,571.0,0.0,786.0,662.0,740.0,440.0,107.0,892.0,745.0,803.0,590.0,348.0,0
CUST599,0.0,415.0,0.0,109.0,0.0,937.0,904.0,0.0,405.0,0.0,309.0,372.0,898.0,0
CUST600,0.0,624.0,465.0,264.0,612.0,133.0,840.0,316.0,547.0,1000.0,445.0,301.0,418.0,0
CUST601,397.0,850.0,477.0,646.0,645.0,367.0,464.0,874.0,608.0,0.0,416.0,669.0,822.0,0
CUST602,0.0,704.0,185.0,408.0,899.0,545.0,355.0,963.0,487.0,885.0,168.0,158.0,865.0,0
CUST603,0.0,0.0,902.0,998.0,511.0,991.0,791.0,0.0,584.0,0.0,607.0,0.0,546.0,3
CUST604,546.0,0.0,737.0,266.0,670.0,751.0,258.0,310.0,275.0,0.0,685.0,669.0,719.0,0
CUST605,967.0,283.0,429.0,0.0,0.0,194.0,1000.0,822.0,0.0,940.0,192.0,787.0,884.0,0
CUST606,0.0,0.0,0.0,861.0,815.0,354.0,0.0,0.0,0.0,909.0,624.0,672.0,0.0,0
CUST607,779.0,0.0,992.0,0.0,970.0,997.0,908.0,717.0,912.0,0.0,665.0,236.0,277.0,0
CUST608,410.0,752.0,351.0,693.0,0.0,0.0,422.0,221.0,245.0,954.0,765.0,925.0,998.0,0
CUST609,0.0,591.0,435.0,0.0,967.0,0.0,0.0,139.0,763.0,0.0,0.0,536.0,0.0,0
CUST610,915.0,829.0,784.0,830.0,130.0,0.0,563.0,156.0,718.0,472.0,346.0,516.0,317.0,1
CUST611,879.0,256.0,937.0,280.0,652.0,0.0,553.0,670.0,180.0,355.0,227.0,956.0,334.0,0
CUST612,682.0,676.0,948.0,0.0,0.0,0.0,534.0,500.0,0.0,825.0,0.0,0.0,497.0,0
CUST613,342.0,0.0,788.0,90.0,688.0,954.0,571.0,171.0,0.0,144.0,751.0,470.0,629.0,0
CUST614,862.0,211.0,536.0,969.0,802.0,0.0,424.0,775.0,537.0,320.0,779.0,0.0,403.0,0
CUST615,295.0,914.0,399.0,0.0,826.0,0.0,0.0,646.0,854.0,0.0,0.0,484.0,0.0,0
CUST616,734.0,285.0,104.0,0.0,990.0,779.0,583.0,0.0,100.0,0.0,150.0,0.0,553.0,0
CUST617,0.0,823.0,417.0,656.0,892.0,0.0,306.0,447.0,850.0,894.0,0.0,856.0,716.0,0
CUST618,50.0,187.0,925.0,155.0,796.0,626.0,539.0,0.0,518.0,0.0,0.0,0.0,0.0,1
CUST619,0.0,947.0,489.0,482.0,214.0,0.0,0.0,0.0,0.0,274.0,254.0,0.0,0.0,3
CUST620,0.0,446.0,114.0,624.0,123.0,620.0,912.0,775.0,402.0,640.0,176.0,271.0,569.0,0
CUST621,376.0,773.0,356.0,548.0,0.0,167.0,0.0,0.0,358.0,490.0,772.0,855.0,443.0,0
CUST622,138.0,750.0,0.0,938.0,168.0,0.0,277.0,269.0,440.0,0.0,335.0,0.0,662.0,0
CUST623,648.0,0.0,248.0,632.0,0.0,568.0,615.0,589.0,0.0,125.0,745.0,107.0,554.0,0
CUST624,0.0,808.0,0.0,964.0,0.0,645.0,0.0,664.0,0.0,0.0,695.0,0.0,175.0,1
CUST625,376.0,462.0,660.0,626.0,481.0,563.0,333.0,0.0,397.0,370.0,0.0,113.0,674.0,0
CUST626,831.0,746.0,359.0,652.0,0.0,984.0,0.0,744.0,2000.0,354.0,0.0,435.0,296.0,0
CUST627,637.0,0.0,660.0,0.0,355.0,711.0,767.0,311.0,230.0,694.0,428.0,578.0,693.0,0
CUST628,359.0,0.0,862.0,144.0,0.0,912.0,0.0,770.0,0.0,0.0,955.0,0.0,0.0,0
CUST629,0.0,419.0,498.0,129.0,0.0,50.0,591.0,365.0,0.0,990.0,427.0,0.0,316.0,0
CUST630,585.0,683.0,561.0,0.0,509.0,751.0,0.0,100.0,0.0,0.0,246.0,0.0,0.0,2
CUST631,0.0,377.0,0.0,333.0,0.0,210.0,345.0,330.0,0.0,576.0,374.0,927.0,0.0,0
CUST632,112.0,0.0,0.0,200.0,231.0,0.0,197.0,540.0,100.0,0.0,0.0,0.0,556.0,0
CUST633,0.0,208.0,805.0,877.0,134.0,231.0,0.0,573.0,547.0,0.0,986.0,983.0,755.0,0
CUST634,309.0,639.0,0.0,0.0,0.0,0.0,145.0,566.0,186.0,634.0,0.0,365.0,125.0,0
CUST635,698.0,566.0,127.0,0.0,246.0,584.0,359.0,654.0,500.0,368.0,432.0,405.0,119.0,0
CUST636,847.0,811.0,255.0,554.0,838.0,0.0,0.0,189.0,678.0,564.0,173.0,431.0,441.0,0
CUST637,0.0,803.0,434.0,974.0,185.0,0.0,833.0,0.0,600.0,0.0,0.0,0.0,523.0,2
CUST638,948.0,0.0,898.0,391.0,975.0,264.0,467.0,955.0,956.0,836.0,997.0,0.0,0.0,0
CUST639,689.0,940.0,229.0,170.0,555.0,685.0,867.0,939.0,895.0,547.0,887.0,0.0,0.0,0
CUST640,860.0,613.0,0.0,424.0,120.0,0.0,0.0,0.0,678.0,274.0,0.0,0.0,950.0,0
CUST641,0.0,504.0,657.0,696.0,0.0,0.0,334.0,983.0,761.0,688.0,776.0,0.0,356.0,0
CUST642,0.0,331.0,684.0,0.0,100.0,0.0,0.0,369.0,973.0,0.0,0.0,546.0,785.0,0
CUST643,963.0,627.0,861.0,0.0,323.0,838.0,969.0,259.0,360.0,355.0,372.0,285.0,0.0,2
CUST644,113.0,0.0,721.0,0.0,187.0,555.0,473.0,0.0,119.0,661.0,232.0,714.0,0.0,0
CUST645,0.0,0.0,825.0,0.0,169.0,635.0,0.0,0.0,0.0,979.0,120.0,522.0,339.0,0
CUST646,472.0,373.0,602.0,202.0,944.0,0.0,464.0,715.0,417.0,916.0,482.0,344.0,268.0,0
CUST647,353.0,0.0,760.0,0.0,877.0,131.0,220.0,441.0,0.0,136.0,788.0,112.0,0.0,0
CUST648,0.0,145.0,657.0,607.0,625.0,861.0,696.0,939.0,102.0,893.0,930.0,843.0,985.0,0
CUST649,333.0,600.0,0.0,402.0,720.0,706.0,0.0,338.0,752.0,433.0,461.0,212.0,0.0,0
CUST650,0.0,667.0,706.0,0.0,643.0,0.0,330.0,0.0,0.0,0.0,574.0,983.0,30.0,0
CUST651,0.0,659.0,999.0,0.0,150.0,470.0,0.0,0.0,0.0,0.0,990.0,695.0,533.0,0
CUST652,828.0,851.0,948.0,579.0,672.0,700.0,112.0,0.0,194.0,340.0,246.0,879.0,0.0,2
CUST653,0.0,995.0,202.0,240.0,75.0,0.0,393.0,967.0,0.0,674.0,325.0,0.0,590.0,0
CUST654,0.0,278.0,121.0,0.0,139.0,272.0,529.0,0.0,442.0,0.0,0.0,0.0,538.0,0
CUST655,954.0,697.0,269.0,601.0,0.0,547.0,325.0,789.0,679.0,863.0,608.0,0.0,744.0,0
CUST656,882.0,595.0,777.0,249.0,420.0,974.0,442.0,832.0,631.0,921.0,0.0,679.0,960.0,0
CUST657,898.0,685.0,867.0,0.0,111.0,0.0,0.0,0.0,0.0,819.0,0.0,0.0,110.0,2
CUST658,496.0,0.0,25.0,943.0,0.0,954.0,418.0,952.0,884.0,720.0,883.0,0.0,267.0,0
CUST659,0.0,0.0,414.0,826.0,0.0,713.0,817.0,631.0,244.0,0.0,987.0,168.0,260.0,0
CUST660,0.0,575.0,0.0,502.0,186.0,0.0,695.0,662.0,0.0,0.0,0.0,0.0,167.0,1
CUST661,125.0,0.0,630.0,0.0,876.0,631.0,416.0,205.0,0.0,0.0,0.0,509.0,857.0,0
CUST662,0.0,0.0,125.0,921.0,455.0,0.0,961.0,133.0,568.0,125.0,363.0,237.0,575.0,0
CUST663,803.0,586.0,673.0,710.0,152.0,459.0,691.0,115.0,575.0,145.0,0.0,906.0,698.0,0
CUST664,354.0,0.0,818.0,931.0,250.0,0.0,531.0,763.0,476.0,389.0,752.0,367.0,452.0,0
CUST665,722.0,727.0,568.0,757.0,459.0,0.0,376.0,739.0,493.0,763.0,223.0,763.0,921.0,0
CUST666,613.0,680.0,464.0,732.0,500.0,0.0,0.0,763.0,0.0,425.0,0.0,937.0,676.0,0
CUST667,577.0,0.0,778.0,352.0,402.0,869.0,0.0,468.0,833.0,666.0,719.0,0.0,259.0,0
CUST668,196.0,407.0,529.0,0.0,749.0,0.0,150.0,0.0,273.0,0.0,0.0,0.0,511.0,0
CUST669,998.0,0.0,251.0,328.0,201.0,706.0,0.0,0.0,632.0,0.0,0.0,545.0,972.0,0
CUST670,553.0,0.0,360.0,904.0,658.0,316.0,0.0,781.0,261.0,223.0,916.0,300.0,0.0,0
CUST671,0.0,639.0,0.0,123.0,372.0,590.0,161.0,150.0,328.0,0.0,0.0,119.0,0.0,1
CUST672,188.0,680.0,0.0,219.0,0.0,624.0,944.0,100.0,417.0,0.0,0.0,868.0,726.0,0
CUST673,685.0,903.0,723.0,0.0,450.0,742.0,242.0,817.0,468.0,600.0,497.0,721.0,469.0,0
CUST674,937.0,267.0,0.0,635.0,0.0,0.0,950.0,387.0,390.0,558.0,723.0,0.0,0.0,0
CUST675,461.0,681.0,102.0,358.0,508.0,355.0,495.0,110.0,908.0,183.0,830.0,0.0,0.0,0
CUST676,112.0,981.0,0.0,313.0,851.0,511.0,1500.0,0.0,441.0,0.0,504.0,658.0,134.0,0
CUST677,649.0,0.0,459.0,828.0,314.0,694.0,638.0,311.0,585.0,214.0,471.0,0.0,189.0,0
CUST678,968.0,168.0,0.0,149.0,482.0,683.0,115.0,667.0,490.0,0.0,0.0,538.0,945.0,0
CUST679,90.0,332.0,147.0,0.0,0.0,0.0,512.0,0.0,561.0,109.0,135.0,0.0,0.0,0
CUST680,168.0,403.0,946.0,0.0,166.0,425.0,601.0,0.0,608.0,900.0,540.0,0.0,841.0,0
CUST681,0.0,392.0,494.0,0.0,612.0,739.0,362.0,707.0,393.0,718.0,679.0,0.0,0.0,0
CUST682,0.0,933.0,998.0,0.0,0.0,104.0,0.0,0.0,371.0,0.0,0.0,953.0,693.0,0
CUST683,1000.0,169.0,0.0,840.0,284.0,0.0,0.0,739.0,543.0,320.0,216.0,963.0,0.0,0
CUST684,0.0,558.0,317.0,0.0,150.0,1000.0,467.0,0.0,0.0,243.0,0.0,345.0,280.0,0
CUST685,165.0,763.0,863.0,159.0,533.0,124.0,0.0,635.0,566.0,978.0,905.0,952.0,822.0,0
CUST686,309.0,214.0,930.0,254.0,0.0,848.0,932.0,778.0,967.0,0.0,148.0,602.0,748.0,0
CUST687,865.0,698.0,702.0,348.0,796.0,962.0,737.0,313.0,347.0,0.0,280.0,458.0,712.0,1
CUST688,0.0,449.0,225.0,0.0,532.0,0.0,0.0,0.0,569.0,980.0,237.0,802.0,180.0,0
CUST689,115.0,576.0,640.0,0.0,0.0,745.0,0.0,659.0,457.0,705.0,102.0,368.0,869.0,0
CUST690,526.0,796.0,375.0,925.0,0.0,488.0,0.0,0.0,767.0,156.0,821.0,543.0,665.0,0
CUST691,378.0,402.0,112.0,90.0,0.0,0.0,655.0,0.0,0.0,481.0,951.0,0.0,0.0,0
CUST692,130.0,0.0,830.0,0.0,0.0,0.0,692.0,120.0,100.0,0.0,365.0,508.0,0.0,0
CUST693,0.0,0.0,726.0,1500.0,0.0,103.0,608.0,400.0,0.0,0.0,129.0,0.0,424.0,3
CUST694,251.0,662.0,437.0,477.0,50.0,0.0,0.0,575.0,164.0,364.0,362.0,400.0,274.0,0
CUST695,0.0,680.0,0.0,865.0,319.0,0.0,0.0,105.0,0.0,552.0,0.0,400.0,338.0,0
CUST696,308.0,0.0,177.0,977.0,0.0,0.0,0.0,0.0,264.0,393.0,618.0,0.0,0.0,0
CUST697,500.0,0.0,0.0,403.0,0.0,0.0,0.0,589.0,601.0,727.0,545.0,564.0,880.0,0
CUST698,470.0,428.0,134.0,592.0,0.0,0.0,300.0,768.0,174.0,686.0,0.0,279.0,388.0,0
CUST699,290.0,474.0,146.0,907.0,314.0,185.0,0.0,943.0,0.0,488.0,630.0,717.0,573.0,0
CUST700,311.0,0.0,0.0,413.0,0.0,232.0,440.0,0.0,690.0,0.0,0.0,2000.0,533.0,0
CUST701,0.0,0.0,869.0,783.0,0.0,154.0,622.0,0.0,164.0,0.0,0.0,60.0,996.0,0
CUST702,651.0,208.0,507.0,925.0,126.0,0.0,601.0,629.0,699.0,0.0,889.0,671.0,167.0,0
CUST703,0.0,0.0,718.0,475.0,906.0,0.0,752.0,0.0,175.0,108.0,0.0,295.0,0.0,3
CUST704,468.0,0.0,856.0,895.0,126.0,0.0,0.0,144.0,292.0,107.0,718.0,474.0,443.0,0
CUST705,0.0,998.0,624.0,262.0,0.0,0.0,886.0,0.0,0.0,0.0,787.0,515.0,220.0,0
CUST706,0.0,525.0,379.0,116.0,277.0,0.0,557.0,443.0,358.0,678.0,395.0,552.0,816.0,0
CUST707,175.0,0.0,593.0,890.0,0.0,0.0,0.0,491.0,152.0,452.0,787.0,0.0,0.0,0
CUST708,941.0,332.0,998.0,0.0,0.0,606.0,827.0,0.0,172.0,0.0,0.0,135.0,0.0,3
CUST709,0.0,893.0,786.0,569.0,719.0,513.0,229.0,475.0,327.0,0.0,170.0,120.0,894.0,2
CUST710,0.0,0.0,484.0,0.0,701.0,113.0,0.0,274.0,294.0,646.0,323.0,340.0,998.0,0
CUST711,490.0,0.0,185.0,475.0,0.0,594.0,151.0,494.0,727.0,1500.0,241.0,472.0,516.0,0
CUST712,0.0,399.0,105.0,952.0,406.0,494.0,455.0,625.0,426.0,848.0,647.0,50.0,892.0,0
CUST713,629.0,0.0,547.0,691.0,0.0,847.0,674.0,584.0,840.0,0.0,782.0,314.0,374.0,0
CUST714,741.0,733.0,0.0,0.0,0.0,0.0,0.0,0.0,0.0,264.0,341.0,326.0,999.0,0
CUST715,619.0,492.0,0.0,0.0,498.0,0.0,933.0,430.0,366.0,218.0,652.0,751.0,0.0,0
CUST716,395.0,497.0,735.0,607.0,990.0,0.0,856.0,202.0,309.0,514.0,731.0,246.0,426.0,0
CUST717,0.0,372.0,472.0,579.0,0.0,868.0,899.0,126.0,0.0,0.0,748.0,400.0,439.0,0
CUST718,0.0,321.0,725.0,0.0,561.0,0.0,251.0,743.0,0.0,300.0,0.0,316.0,0.0,0
CUST719,821.0,205.0,0.0,638.0,739.0,603.0,0.0,835.0,0.0,0.0,683.0,264.0,241.0,0
CUST720,215.0,271.0,851.0,115.0,629.0,768.0,0.0,534.0,997.0,502.0,541.0,155.0,371.0,0
CUST721,674.0,185.0,131.0,797.0,600.0,717.0,0.0,150.0,178.0,273.0,435.0,175.0,419.0,0
CUST722,0.0,146.0,521.0,145.0,0.0,856.0,248.0,170.0,0.0,751.0,690.0,765.0,0.0,0
CUST723,842.0,0.0,588.0,136.0,496.0,395.0,206.0,0.0,432.0,648.0,619.0,202.0,753.0,0
CUST724,443.0,0.0,0.0,293.0,558.0,133.0,831.0,203.0,0.0,0.0,564.0,257.0,900.0,0
CUST725,565.0,791.0,460.0,639.0,0.0,0.0,893.0,176.0,883.0,383.0,832.0,176.0,179.0,0
CUST726,155.0,890.0,0.0,0.0,769.0,563.0,929.0,777.0,0.0,695.0,372.0,555.0,755.0,0
CUST727,0.0,0.0,285.0,326.0,0.0,900.0,767.0,0.0,540.0,0.0,958.0,0.0,627.0,0
CUST728,0.0,960.0,138.0,0.0,656.0,179.0,150.0,689.0,0.0,0.0,436.0,339.0,0.0,1
CUST729,193.0,893.0,210.0,0.0,703.0,951.0,278.0,0.0,509.0,146.0,973.0,0.0,0.0,0
CUST730,592.0,891.0,639.0,728.0,981.0,941.0,0.0,165.0,521.0,0.0,0.0,0.0,745.0,2
CUST731,630.0,0.0,994.0,261.0,246.0,856.0,951.0,891.0,898.0,447.0,522.0,570.0,793.0,0
CUST732,647.0,963.0,0.0,971.0,394.0,584.0,0.0,924.0,136.0,917.0,288.0,282.0,981.0,0
CUST733,494.0,121.0,667.0,366.0,555.0,219.0,231.0,564.0,345.0,401.0,0.0,898.0,0.0,0
CUST734,318.0,931.0,852.0,869.0,0.0,698.0,720.0,867.0,815.0,319.0,893.0,505.0,0.0,0
CUST735,0.0,962.0,427.0,0.0,0.0,992.0,445.0,0.0,654.0,798.0,0.0,299.0,401.0,0
CUST736,389.0,375.0,0.0,0.0,737.0,251.0,0.0,851.0,0.0,720.0,477.0,0.0,263.0,0
CUST737,246.0,0.0,0.0,119.0,602.0,272.0,825.0,567.0,914.0,368.0,752.0,371.0,677.0,0
CUST738,357.0,508.0,123.0,194.0,0.0,0.0,435.0,333.0,927.0,0.0,241.0,370.0,324.0,0
CUST739,0.0,948.0,660.0,583.0,290.0,0.0,196.0,173.0,279.0,546.0,977.0,884.0,596.0,0
CUST740,0.0,200.0,774.0,0.0,204.0,657.0,0.0,0.0,900.0,122.0,678.0,0.0,901.0,0
CUST741,0.0,0.0,0.0,964.0,575.0,126.0,0.0,613.0,0.0,906.0,300.0,563.0,0.0,1
CUST742,183.0,770.0,140.0,955.0,967.0,145.0,583.0,0.0,359.0,540.0,0.0,539.0,955.0,0
CUST743,380.0,807.0,219.0,882.0,152.0,151.0,905.0,531.0,394.0,0.0,376.0,407.0,629.0,0
CUST744,151.0,694.0,0.0,478.0,25.0,0.0,889.0,994.0,276.0,859.0,659.0,0.0,751.0,0
CUST745,0.0,557.0,203.0,818.0,789.0,726.0,536.0,138.0,779.0,477.0,626.0,905.0,686.0,0
CUST746,90.0,460.0,853.0,619.0,467.0,0.0,0.0,0.0,327.0,164.0,245.0,915.0,624.0,0
CUST747,471.0,211.0,268.0,0.0,0.0,461.0,552.0,855.0,715.0,683.0,30.0,662.0,238.0,0
CUST748,634.0,640.0,840.0,230.0,456.0,690.0,205.0,0.0,224.0,725.0,905.0,260.0,951.0,0
CUST749,222.0,326.0,894.0,824.0,543.0,0.0,392.0,0.0,683.0,279.0,375.0,274.0,0.0,0
CUST750,254.0,0.0,75.0,364.0,647.0,206.0,758.0,112.0,301.0,361.0,258.0,0.0,567.0,0
CUST751,0.0,0.0,858.0,0.0,0.0,849.0,377.0,50.0,411.0,513.0,0.0,814.0,0.0,0
CUST752,972.0,204.0,705.0,744.0,909.0,495.0,541.0,861.0,319.0,573.0,0.0,950.0,545.0,0
CUST753,0.0,427.0,794.0,0.0,316.0,946.0,125.0,436.0,176.0,0.0,0.0,0.0,508.0,1
CUST754,346.0,664.0,319.0,0.0,710.0,0.0,0.0,135.0,127.0,500.0,549.0,505.0,713.0,0
CUST755,596.0,660.0,539.0,591.0,659.0,920.0,957.0,651.0,108.0,824.0,0.0,624.0,693.0,0
CUST756,0.0,0.0,457.0,435.0,0.0,701.0,292.0,1200.0,543.0,445.0,458.0,221.0,0.0,0
CUST757,687.0,0.0,769.0,0.0,0.0,0.0,233.0,0.0,695.0,0.0,0.0,113.0,442.0,0
CUST758,267.0,478.0,165.0,607.0,167.0,0.0,979.0,508.0,742.0,0.0,636.0,292.0,154.0,0
CUST759,260.0,772.0,493.0,639.0,137.0,0.0,177.0,393.0,561.0,0.0,540.0,711.0,0.0,0
CUST760,0.0,625.0,765.0,214.0,0.0,0.0,869.0,495.0,756.0,256.0,293.0,0.0,999.0,0
CUST761,501.0,330.0,0.0,300.0,0.0,0.0,248.0,325.0,0.0,0.0,984.0,591.0,683.0,0
CUST762,697.0,340.0,0.0,122.0,942.0,735.0,821.0,0.0,0.0,0.0,50.0,0.0,450.0,1
CUST763,489.0,50.0,639.0,0.0,649.0,122.0,0.0,0.0,0.0,818.0,190.0,458.0,253.0,0
CUST764,616.0,839.0,435.0,0.0,0.0,0.0,167.0,222.0,0.0,0.0,878.0,784.0,252.0,0
CUST765,158.0,0.0,961.0,235.0,411.0,200.0,572.0,0.0,195.0,361.0,731.0,453.0,894.0,0
CUST766,748.0,172.0,241.0,921.0,290.0,939.0,968.0,432.0,0.0,713.0,593.0,512.0,0.0,0
CUST767,918.0,438.0,180.0,795.0,284.0,473.0,445.0,0.0,274.0,409.0,609.0,401.0,606.0,0
CUST768,765.0,285.0,0.0,0.0,653.0,974.0,303.0,781.0,0.0,112.0,0.0,987.0,373.0,0
CUST769,0.0,545.0,0.0,0.0,0.0,935.0,249.0,212.0,378.0,158.0,587.0,0.0,0.0,0
CUST770,528.0,892.0,637.0,276.0,172.0,0.0,0.0,946.0,0.0,674.0,0.0,0.0,410.0,1
CUST771,0.0,302.0,295.0,565.0,289.0,129.0,649.0,998.0,198.0,931.0,184.0,126.0,111.0,0
CUST772,245.0,986.0,244.0,540.0,0.0,0.0,520.0,415.0,598.0,120.0,0.0,0.0,0.0,1
CUST773,698.0,610.0,922.0,318.0,592.0,122.0,857.0,465.0,438.0,471.0,0.0,0.0,929.0,0
CUST774,0.0,0.0,905.0,50.0,528.0,285.0,0.0,140.0,514.0,492.0,802.0,178.0,0.0,0
CUST775,147.0,100.0,260.0,170.0,527.0,0.0,642.0,619.0,183.0,0.0,297.0,997.0,151.0,0
CUST776,0.0,797.0,855.0,385.0,0.0,967.0,825.0,542.0,831.0,90.0,112.0,300.0,357.0,1
CUST777,922.0,0.0,921.0,0.0,369.0,0.0,450.0,0.0,0.0,0.0,658.0,433.0,992.0,0
CUST778,189.0,177.0,0.0,571.0,370.0,266.0,363.0,518.0,0.0,823.0,100.0,295.0,307.0,0
CUST779,142.0,793.0,995.0,766.0,204.0,146.0,348.0,386.0,343.0,0.0,519.0,447.0,268.0,0
CUST780,0.0,50.0,734.0,685.0,926.0,0.0,266.0,0.0,0.0,0.0,936.0,850.0,0.0,0
CUST781,477.0,0.0,621.0,0.0,0.0,344.0,0.0,869.0,116.0,0.0,817.0,500.0,0.0,0
CUST782,183.0,695.0,874.0,298.0,654.0,399.0,0.0,395.0,0.0,746.0,0.0,950.0,191.0,0
CUST783,869.0,927.0,827.0,757.0,927.0,805.0,625.0,446.0,0.0,973.0,403.0,355.0,0.0,3
CUST784,147.0,970.0,161.0,465.0,0.0,929.0,838.0,587.0,261.0,168.0,758.0,810.0,530.0,0
CUST785,375.0,109.0,945.0,861.0,181.0,734.0,899.0,292.0,315.0,173.0,0.0,288.0,717.0,0
CUST786,0.0,506.0,991.0,540.0,910.0,469.0,0.0,0.0,880.0,956.0,0.0,0.0,0.0,3
CUST787,25.0,343.0,0.0,0.0,0.0,860.0,867.0,268.0,248.0,301.0,768.0,141.0,0.0,0
CUST788,0.0,788.0,0.0,758.0,0.0,804.0,479.0,180.0,0.0,0.0,0.0,291.0,0.0,2
CUST789,787.0,525.0,242.0,882.0,371.0,0.0,288.0,944.0,2000.0,0.0,873.0,631.0,399.0,0
CUST790,672.0,0.0,0.0,428.0,256.0,302.0,557.0,936.0,856.0,675.0,740.0,930.0,779.0,0
CUST791,0.0,623.0,346.0,778.0,0.0,0.0,0.0,594.0,642.0,0.0,342.0,965.0,0.0,0
CUST792,848.0,0.0,0.0,0.0,887.0,0.0,707.0,322.0,582.0,538.0,216.0,291.0,814.0,0
CUST793,216.0,30.0,0.0,0.0,652.0,400.0,649.0,158.0,0.0,268.0,886.0,0.0,0.0,0
CUST794,808.0,691.0,0.0,963.0,0.0,313.0,228.0,321.0,733.0,726.0,874.0,340.0,234.0,0
CUST795,374.0,0.0,0.0,178.0,0.0,963.0,773.0,377.0,0.0,411.0,135.0,0.0,0.0,0
CUST796,0.0,0.0,0.0,629.0,307.0,157.0,405.0,0.0,0.0,179.0,610.0,0.0,0.0,1
CUST797,743.0,0.0,0.0,117.0,0.0,598.0,0.0,704.0,0.0,0.0,592.0,0.0,393.0,0
CUST798,132.0,847.0,0.0,460.0,955.0,345.0,709.0,50.0,769.0,257.0,0.0,0.0,852.0,0
CUST799,216.0,0.0,0.0,396.0,719.0,104.0,0.0,0.0,100.0,954.0,456.0,0.0,459.0,0
CUST800,298.0,627.0,882.0,241.0,863.0,613.0,0.0,181.0,129.0,149.0,0.0,769.0,0.0,1
CUST801,952.0,357.0,618.0,319.0,523.0,619.0,192.0,294.0,414.0,131.0,227.0,0.0,154.0,2
CUST802,642.0,0.0,447.0,0.0,0.0,606.0,30.0,430.0,0.0,0.0,518.0,334.0,221.0,0
CUST803,375.0,944.0,738.0,673.0,342.0,293.0,327.0,629.0,0.0,488.0,549.0,0.0,686.0,0
CUST804,433.0,0.0,990.0,519.0,861.0,888.0,748.0,221.0,407.0,0.0,425.0,707.0,519.0,0
CUST805,364.0,882.0,583.0,716.0,107.0,726.0,860.0,0.0,958.0,0.0,0.0,872.0,0.0,1
CUST806,942.0,738.0,486.0,770.0,161.0,718.0,186.0,0.0,434.0,621.0,290.0,678.0,502.0,0
CUST807,250.0,0.0,877.0,0.0,112.0,0.0,640.0,658.0,0.0,0.0,0.0,451.0,611.0,0
CUST808,0.0,674.0,0.0,2000.0,0.0,196.0,0.0,676.0,746.0,246.0,783.0,0.0,297.0,1
CUST809,204.0,906.0,0.0,420.0,773.0,434.0,140.0,219.0,776.0,259.0,985.0,988.0,975.0,0
CUST810,0.0,0.0,564.0,0.0,0.0,682.0,0.0,447.0,841.0,224.0,889.0,0.0,0.0,0
CUST811,527.0,438.0,182.0,376.0,50.0,837.0,881.0,551.0,389.0,626.0,317.0,519.0,503.0,0
CUST812,340.0,122.0,0.0,972.0,0.0,815.0,0.0,0.0,0.0,630.0,75.0,203.0,0.0,0
CUST813,130.0,582.0,0.0,941.0,486.0,678.0,924.0,0.0,617.0,306.0,511.0,768.0,0.0,0
CUST814,0.0,924.0,0.0,0.0,987.0,499.0,963.0,527.0,584.0,0.0,0.0,208.0,0.0,2
CUST815,689.0,489.0,0.0,175.0,0.0,441.0,797.0,676.0,389.0,667.0,430.0,0.0,0.0,0
CUST816,250.0,579.0,227.0,0.0,0.0,0.0,520.0,154.0,129.0,0.0,177.0,0.0,724.0,0
CUST817,0.0,0.0,0.0,853.0,0.0,0.0,0.0,886.0,0.0,552.0,494.0,306.0,915.0,0
CUST818,0.0,602.0,109.0,0.0,676.0,282.0,593.0,943.0,370.0,541.0,562.0,443.0,0.0,0
CUST819,491.0,345.0,310.0,0.0,107.0,100.0,0.0,957.0,0.0,0.0,0.0,251.0,466.0,0
CUST820,360.0,789.0,786.0,612.0,385.0,0.0,949.0,123.0,185.0,0.0,885.0,439.0,511.0,0
CUST821,536.0,762.0,803.0,884.0,0.0,0.0,275.0,481.0,277.0,212.0,322.0,464.0,248.0,1
CUST822,0.0,0.0,722.0,548.0,762.0,842.0,0.0,276.0,896.0,0.0,0.0,702.0,877.0,0
CUST823,310.0,728.0,0.0,639.0,801.0,504.0,352.0,816.0,137.0,611.0,0.0,0.0,142.0,1
CUST824,946.0,860.0,606.0,680.0,591.0,0.0,980.0,129.0,926.0,726.0,374.0,619.0,0.0,1
CUST825,858.0,474.0,144.0,864.0,0.0,341.0,0.0,618.0,306.0,390.0,0.0,0.0,346.0,1
CUST826,953.0,0.0,0.0,949.0,982.0,910.0,312.0,984.0,331.0,761.0,664.0,663.0,165.0,0
CUST827,660.0,342.0,997.0,597.0,971.0,241.0,700.0,291.0,290.0,759.0,967.0,747.0,0.0,0
CUST828,468.0,130.0,341.0,152.0,0.0,180.0,0.0,968.0,933.0,958.0,928.0,715.0,803.0,0
CUST829,767.0,0.0,0.0,512.0,999.0,964.0,90.0,0.0,0.0,0.0,416.0,0.0,244.0,1
CUST830,294.0,0.0,108.0,0.0,879.0,544.0,129.0,0.0,408.0,0.0,0.0,0.0,382.0,0
CUST831,100.0,574.0,346.0,743.0,0.0,413.0,333.0,693.0,555.0,889.0,202.0,334.0,722.0,0
CUST832,0.0,774.0,0.0,751.0,0.0,0.0,145.0,567.0,148.0,384.0,0.0,753.0,831.0,0
CUST833,610.0,0.0,583.0,0.0,416.0,865.0,572.0,770.0,327.0,386.0,0.0,0.0,315.0,0
CUST834,394.0,629.0,0.0,60.0,0.0,0.0,0.0,220.0,268.0,0.0,651.0,219.0,555.0,0
CUST835,292.0,635.0,329.0,0.0,428.0,500.0,208.0,524.0,935.0,362.0,0.0,177.0,891.0,0
CUST836,350.0,423.0,0.0,964.0,0.0,551.0,896.0,779.0,730.0,0.0,0.0,800.0,0.0,0
CUST837,136.0,675.0,418.0,0.0,0.0,985.0,441.0,503.0,488.0,531.0,946.0,0.0,830.0,0
CUST838,0.0,941.0,0.0,896.0,712.0,131.0,0.0,0.0,650.0,0.0,492.0,0.0,186.0,2
CUST839,745.0,0.0,349.0,0.0,116.0,216.0,621.0,0.0,432.0,194.0,179.0,0.0,922.0,0
CUST840,849.0,319.0,0.0,0.0,216.0,903.0,882.0,430.0,0.0,0.0,564.0,0.0,114.0,0
CUST841,782.0,501.0,689.0,0.0,992.0,332.0,211.0,431.0,632.0,406.0,641.0,237.0,260.0,0
CUST842,0.0,794.0,349.0,855.0,0.0,293.0,265.0,101.0,378.0,858.0,862.0,209.0,782.0,0
CUST843,477.0,821.0,0.0,0.0,545.0,130.0,0.0,595.0,261.0,804.0,843.0,0.0,917.0,0
CUST844,0.0,567.0,719.0,0.0,123.0,315.0,522.0,0.0,853.0,589.0,0.0,871.0,0.0,0
CUST845,881.0,656.0,282.0,666.0,522.0,468.0,723.0,202.0,492.0,0.0,343.0,108.0,731.0,1
CUST846,359.0,538.0,473.0,996.0,0.0,617.0,960.0,870.0,141.0,962.0,398.0,925.0,591.0,0
CUST847,450.0,473.0,189.0,255.0,0.0,545.0,168.0,778.0,625.0,262.0,641.0,512.0,151.0,0
CUST848,425.0,340.0,129.0,0.0,0.0,242.0,794.0,0.0,115.0,0.0,0.0,909.0,0.0,0
CUST849,801.0,185.0,316.0,966.0,525.0,966.0,248.0,0.0,522.0,489.0,315.0,897.0,515.0,0
CUST850,858.0,0.0,775.0,235.0,499.0,511.0,1000.0,347.0,563.0,387.0,964.0,117.0,627.0,0
CUST851,0.0,213.0,478.0,572.0,685.0,0.0,863.0,519.0,50.0,412.0,429.0,0.0,0.0,1
CUST852,413.0,0.0,927.0,0.0,0.0,770.0,912.0,927.0,862.0,479.0,335.0,0.0,0.0,0
CUST853,0.0,356.0,0.0,0.0,345.0,0.0,284.0,286.0,113.0,244.0,0.0,0.0,789.0,0
CUST854,492.0,0.0,0.0,124.0,477.0,271.0,892.0,0.0,0.0,0.0,0.0,50.0,457.0,0
CUST855,590.0,961.0,570.0,952.0,774.0,247.0,642.0,382.0,212.0,554.0,118.0,0.0,911.0,1
CUST856,796.0,549.0,261.0,666.0,723.0,881.0,0.0,196.0,942.0,0.0,476.0,816.0,255.0,0
CUST857,717.0,622.0,0.0,0.0,0.0,386.0,740.0,361.0,574.0,0.0,0.0,894.0,0.0,0
CUST858,865.0,0.0,916.0,0.0,0.0,636.0,0.0,944.0,932.0,0.0,0.0,822.0,512.0,0
CUST859,274.0,804.0,0.0,0.0,757.0,947.0,856.0,226.0,812.0,964.0,409.0,554.0,487.0,0
CUST860,244.0,0.0,424.0,397.0,462.0,947.0,754.0,948.0,0.0,373.0,254.0,607.0,691.0,0
CUST861,375.0,90.0,0.0,900.0,275.0,703.0,852.0,385.0,207.0,419.0,328.0,719.0,763.0,0
CUST862,0.0,205.0,570.0,0.0,869.0,992.0,523.0,831.0,0.0,295.0,244.0,0.0,449.0,0
CUST863,354.0,783.0,312.0,50.0,363.0,770.0,794.0,0.0,933.0,816.0,791.0,523.0,860.0,0
CUST864,554.0,633.0,778.0,0.0,641.0,0.0,501.0,157.0,717.0,337.0,826.0,0.0,0.0,0
CUST865,946.0,713.0,875.0,515.0,732.0,434.0,0.0,173.0,756.0,0.0,787.0,674.0,395.0,1
CUST866,112.0,169.0,0.0,0.0,417.0,0.0,188.0,0.0,0.0,475.0,635.0,267.0,369.0,0
CUST867,0.0,0.0,892.0,669.0,968.0,247.0,701.0,847.0,0.0,755.0,166.0,378.0,542.0,2
CUST868,0.0,0.0,570.0,0.0,606.0,388.0,260.0,620.0,439.0,0.0,0.0,300.0,0.0,1
CUST869,0.0,0.0,615.0,287.0,362.0,0.0,590.0,575.0,752.0,1500.0,248.0,230.0,551.0,0
CUST870,687.0,475.0,825.0,257.0,0.0,407.0,374.0,0.0,0.0,0.0,0.0,913.0,0.0,1
CUST871,826.0,321.0,124.0,487.0,0.0,353.0,280.0,969.0,901.0,186.0,0.0,0.0,0.0,0
CUST872,465.0,141.0,189.0,574.0,424.0,979.0,464.0,301.0,737.0,75.0,455.0,770.0,0.0,0
CUST873,0.0,113.0,728.0,704.0,0.0,0.0,403.0,569.0,715.0,565.0,0.0,0.0,0.0,0
CUST874,766.0,0.0,0.0,0.0,0.0,286.0,559.0,446.0,698.0,424.0,132.0,167.0,0.0,0
CUST875,768.0,936.0,278.0,636.0,183.0,743.0,975.0,2000.0,494.0,297.0,244.0,0.0,0.0,2
CUST876,870.0,106.0,114.0,624.0,744.0,224.0,0.0,729.0,0.0,287.0,842.0,0.0,103.0,0
CUST877,476.0,461.0,445.0,267.0,804.0,680.0,581.0,0.0,294.0,498.0,588.0,850.0,343.0,0
CUST878,984.0,115.0,0.0,605.0,229.0,738.0,651.0,949.0,272.0,497.0,448.0,546.0,393.0,0
CUST879,166.0,0.0,0.0,126.0,585.0,0.0,254.0,531.0,111.0,641.0,0.0,314.0,195.0,0
CUST880,907.0,0.0,0.0,885.0,0.0,0.0,0.0,978.0,934.0,930.0,472.0,173.0,0.0,0
CUST881,309.0,879.0,782.0,912.0,150.0,684.0,987.0,549.0,949.0,0.0,214.0,614.0,468.0,0
CUST882,459.0,944.0,357.0,589.0,139.0,50.0,635.0,428.0,218.0,372.0,308.0,481.0,281.0,0
CUST883,0.0,124.0,0.0,918.0,500.0,949.0,474.0,296.0,494.0,646.0,333.0,0.0,0.0,0
CUST884,0.0,0.0,228.0,60.0,0.0,517.0,440.0,673.0,356.0,0.0,391.0,0.0,909.0,0
CUST885,289.0,120.0,343.0,0.0,617.0,0.0,0.0,913.0,222.0,686.0,0.0,985.0,324.0,0
CUST886,621.0,0.0,0.0,900.0,363.0,734.0,0.0,0.0,121.0,324.0,284.0,679.0,677.0,0
CUST887,683.0,276.0,419.0,548.0,444.0,230.0,760.0,504.0,168.0,628.0,0.0,861.0,0.0,0
CUST888,0.0,293.0,341.0,441.0,0.0,0.0,0.0,0.0,0.0,818.0,0.0,146.0,621.0,0
CUST889,0.0,0.0,573.0,716.0,659.0,475.0,158.0,609.0,418.0,137.0,533.0,667.0,970.0,0
CUST890,128.0,148.0,0.0,886.0,166.0,392.0,644.0,925.0,228.0,0.0,442.0,50.0,536.0,0
CUST891,846.0,317.0,615.0,900.0,779.0,656.0,848.0,739.0,704.0,939.0,747.0,264.0,815.0,0
CUST892,672.0,918.0,614.0,106.0,0.0,724.0,109.0,0.0,172.0,854.0,642.0,0.0,667.0,0
CUST893,652.0,0.0,116.0,166.0,482.0,820.0,467.0,907.0,444.0,0.0,596.0,572.0,415.0,0
CUST894,583.0,874.0,173.0,0.0,0.0,0.0,625.0,435.0,30.0,391.0,892.0,115.0,0.0,0
CUST895,0.0,376.0,0.0,0.0,769.0,0.0,0.0,0.0,377.0,0.0,900.0,793.0,323.0,0
CUST896,697.0,916.0,421.0,0.0,377.0,420.0,0.0,402.0,637.0,109.0,555.0,829.0,676.0,0
CUST897,0.0,997.0,647.0,0.0,0.0,0.0,599.0,0.0,150.0,0.0,0.0,518.0,242.0,1
CUST898,987.0,608.0,845.0,372.0,728.0,317.0,0.0,195.0,678.0,626.0,733.0,0.0,589.0,0
CUST899,965.0,0.0,0.0,183.0,600.0,935.0,963.0,0.0,291.0,408.0,872.0,0.0,140.0,0
CUST900,634.0,678.0,800.0,173.0,104.0,0.0,0.0,0.0,0.0,0.0,562.0,0.0,181.0,1
CUST901,865.0,0.0,151.0,30.0,0.0,0.0,0.0,0.0,196.0,274.0,832.0,442.0,0.0,0
CUST902,0.0,670.0,0.0,0.0,260.0,50.0,0.0,936.0,354.0,310.0,213.0,0.0,123.0,0
CUST903,791.0,0.0,101.0,141.0,0.0,642.0,0.0,810.0,0.0,0.0,0.0,0.0,965.0,0
CUST904,418.0,204.0,844.0,872.0,964.0,0.0,318.0,0.0,0.0,0.0,0.0,376.0,592.0,1
CUST905,827.0,991.0,0.0,300.0,0.0,220.0,498.0,594.0,361.0,947.0,261.0,888.0,138.0,0
CUST906,0.0,288.0,291.0,0.0,810.0,173.0,524.0,0.0,559.0,0.0,0.0,0.0,0.0,1
CUST907,25.0,0.0,138.0,854.0,0.0,562.0,206.0,0.0,502.0,653.0,863.0,680.0,680.0,0
CUST908,393.0,0.0,0.0,0.0,208.0,960.0,800.0,320.0,616.0,123.0,156.0,1200.0,414.0,0
CUST909,0.0,341.0,828.0,843.0,0.0,530.0,0.0,0.0,0.0,300.0,851.0,843.0,0.0,0
CUST910,631.0,719.0,328.0,946.0,0.0,0.0,135.0,730.0,879.0,521.0,539.0,549.0,789.0,0
CUST911,381.0,0.0,518.0,0.0,539.0,554.0,297.0,744.0,441.0,222.0,0.0,985.0,729.0,0
CUST912,150.0,246.0,0.0,0.0,396.0,0.0,0.0,743.0,345.0,652.0,0.0,0.0,222.0,0
CUST913,154.0,823.0,838.0,864.0,125.0,0.0,923.0,289.0,540.0,677.0,741.0,296.0,342.0,0
CUST914,357.0,0.0,526.0,0.0,303.0,0.0,0.0,0.0,424.0,211.0,586.0,722.0,0.0,0
CUST915,149.0,750.0,416.0,177.0,184.0,210.0,0.0,103.0,435.0,794.0,0.0,794.0,984.0,0
CUST916,807.0,769.0,0.0,944.0,839.0,429.0,318.0,460.0,552.0,307.0,0.0,784.0,652.0,0
CUST917,899.0,381.0,368.0,752.0,0.0,873.0,960.0,0.0,449.0,636.0,392.0,296.0,0.0,1
CUST918,781.0,480.0,901.0,0.0,649.0,494.0,932.0,186.0,544.0,961.0,622.0,182.0,638.0,0
CUST919,912.0,387.0,0.0,0.0,880.0,0.0,140.0,194.0,430.0,0.0,683.0,0.0,768.0,0
CUST920,368.0,731.0,0.0,507.0,0.0,486.0,296.0,0.0,625.0,0.0,270.0,0.0,195.0,0
CUST921,141.0,756.0,0.0,871.0,102.0,967.0,585.0,0.0,918.0,0.0,708.0,615.0,108.0,0
CUST922,543.0,507.0,0.0,0.0,345.0,0.0,120.0,283.0,364.0,548.0,0.0,556.0,759.0,0
CUST923,398.0,707.0,171.0,0.0,839.0,0.0,183.0,496.0,0.0,0.0,974.0,847.0,0.0,0
CUST924,591.0,419.0,724.0,176.0,412.0,547.0,730.0,100.0,0.0,0.0,259.0,565.0,376.0,0
CUST925,0.0,0.0,128.0,0.0,567.0,835.0,266.0,491.0,736.0,142.0,249.0,590.0,800.0,0
CUST926,0.0,0.0,427.0,861.0,0.0,0.0,209.0,30.0,504.0,344.0,977.0,0.0,859.0,0
CUST927,684.0,841.0,0.0,327.0,831.0,2000.0,0.0,348.0,726.0,399.0,133.0,863.0,620.0,0
CUST928,830.0,614.0,895.0,681.0,117.0,353.0,142.0,675.0,670.0,913.0,843.0,149.0,0.0,0
CUST929,460.0,303.0,339.0,652.0,615.0,540.0,0.0,591.0,168.0,998.0,445.0,130.0,124.0,0
CUST930,105.0,0.0,0.0,671.0,982.0,626.0,808.0,955.0,184.0,0.0,362.0,603.0,334.0,0
CUST931,0.0,424.0,452.0,774.0,722.0,327.0,316.0,730.0,791.0,753.0,244.0,407.0,0.0,0
CUST932,0.0,100.0,151.0,228.0,0.0,223.0,443.0,0.0,950.0,623.0,323.0,0.0,0.0,0
CUST933,0.0,887.0,829.0,857.0,824.0,333.0,402.0,475.0,769.0,762.0,504.0,936.0,345.0,0
CUST934,964.0,464.0,552.0,0.0,740.0,728.0,217.0,617.0,901.0,874.0,148.0,985.0,361.0,0
CUST935,201.0,222.0,153.0,382.0,350.0,315.0,0.0,314.0,285.0,795.0,0.0,128.0,0.0,0
CUST936,323.0,209.0,478.0,122.0,0.0,148.0,756.0,0.0,105.0,493.0,306.0,663.0,985.0,0
CUST937,706.0,305.0,867.0,934.0,729.0,0.0,976.0,166.0,0.0,500.0,255.0,0.0,655.0,1
CUST938,0.0,920.0,0.0,196.0,879.0,258.0,885.0,915.0,129.0,0.0,200.0,0.0,0.0,2
CUST939,0.0,219.0,0.0,672.0,672.0,0.0,0.0,637.0,574.0,726.0,408.0,300.0,651.0,0
CUST940,399.0,772.0,311.0,575.0,0.0,398.0,548.0,0.0,386.0,445.0,0.0,0.0,984.0,0
CUST941,0.0,0.0,925.0,0.0,226.0,187.0,620.0,118.0,301.0,386.0,417.0,0.0,549.0,0
CUST942,0.0,0.0,120.0,0.0,479.0,0.0,0.0,904.0,306.0,0.0,0.0,614.0,493.0,0
CUST943,621.0,595.0,467.0,175.0,300.0,748.0,0.0,582.0,445.0,318.0,956.0,749.0,929.0,0
CUST944,919.0,951.0,0.0,657.0,919.0,50.0,827.0,146.0,958.0,123.0,0.0,0.0,758.0,1
CUST945,658.0,25.0,0.0,988.0,0.0,0.0,0.0,0.0,0.0,201.0,559.0,284.0,831.0,0
CUST946,975.0,690.0,0.0,189.0,2000.0,632.0,350.0,579.0,0.0,234.0,340.0,0.0,207.0,3
CUST947,218.0,102.0,954.0,0.0,0.0,0.0,0.0,586.0,0.0,0.0,290.0,0.0,705.0,0
CUST948,0.0,212.0,230.0,897.0,350.0,587.0,119.0,898.0,481.0,314.0,409.0,822.0,508.0,0
CUST949,133.0,763.0,198.0,359.0,345.0,0.0,775.0,958.0,118.0,113.0,535.0,356.0,132.0,0
CUST950,211.0,678.0,280.0,131.0,845.0,787.0,0.0,242.0,0.0,0.0,572.0,942.0,491.0,0
CUST951,757.0,429.0,375.0,970.0,0.0,821.0,130.0,721.0,0.0,750.0,206.0,0.0,0.0,2
CUST952,584.0,359.0,596.0,236.0,454.0,962.0,919.0,554.0,723.0,132.0,25.0,0.0,245.0,1
CUST953,587.0,672.0,273.0,463.0,678.0,610.0,125.0,125.0,182.0,505.0,0.0,990.0,227.0,0
CUST954,127.0,270.0,504.0,504.0,235.0,514.0,604.0,370.0,233.0,946.0,987.0,0.0,757.0,0
CUST955,447.0,0.0,275.0,0.0,445.0,498.0,353.0,0.0,0.0,0.0,0.0,433.0,0.0,0
CUST956,467.0,0.0,0.0,972.0,454.0,976.0,267.0,923.0,101.0,635.0,0.0,288.0,272.0,0
CUST957,932.0,0.0,298.0,0.0,448.0,0.0,625.0,912.0,468.0,918.0,134.0,176.0,0.0,0
CUST958,0.0,677.0,0.0,0.0,922.0,428.0,454.0,0.0,946.0,0.0,0.0,930.0,938.0,0
CUST959,0.0,720.0,229.0,939.0,857.0,680.0,202.0,483.0,324.0,206.0,679.0,553.0,261.0,0
CUST960,0.0,597.0,968.0,318.0,271.0,0.0,0.0,921.0,493.0,116.0,935.0,834.0,393.0,0
CUST961,0.0,703.0,205.0,0.0,466.0,200.0,464.0,0.0,797.0,0.0,112.0,386.0,0.0,0
CUST962,936.0,176.0,0.0,143.0,633.0,0.0,0.0,0.0,0.0,417.0,0.0,817.0,649.0,0
CUST963,0.0,905.0,594.0,547.0,0.0,0.0,302.0,0.0,0.0,0.0,940.0,846.0,0.0,0
CUST964,900.0,938.0,802.0,970.0,265.0,0.0,317.0,480.0,0.0,724.0,868.0,855.0,0.0,1
CUST965,997.0,500.0,882.0,0.0,908.0,0.0,0.0,791.0,341.0,261.0,200.0,617.0,0.0,1
CUST966,909.0,108.0,408.0,965.0,0.0,495.0,233.0,0.0,641.0,0.0,0.0,762.0,695.0,0
CUST967,0.0,0.0,401.0,116.0,677.0,145.0,556.0,0.0,459.0,0.0,0.0,993.0,800.0,0
CUST968,363.0,626.0,471.0,841.0,831.0,0.0,0.0,602.0,175.0,921.0,900.0,578.0,364.0,0
CUST969,365.0,914.0,0.0,643.0,913.0,449.0,827.0,187.0,556.0,896.0,751.0,897.0,0.0,0
CUST970,445.0,403.0,178.0,235.0,464.0,177.0,891.0,113.0,759.0,0.0,732.0,823.0,496.0,0
CUST971,0.0,0.0,0.0,474.0,410.0,0.0,980.0,621.0,632.0,141.0,0.0,691.0,731.0,0
CUST972,0.0,417.0,270.0,352.0,0.0,0.0,0.0,0.0,0.0,223.0,0.0,312.0,320.0,0
CUST973,0.0,909.0,390.0,0.0,0.0,829.0,908.0,521.0,653.0,166.0,327.0,787.0,188.0,0
CUST974,576.0,0.0,0.0,176.0,211.0,0.0,960.0,0.0,0.0,908.0,221.0,411.0,804.0,0
CUST975,949.0,0.0,963.0,563.0,0.0,0.0,455.0,0.0,0.0,453.0,148.0,118.0,0.0,2
CUST976,917.0,0.0,195.0,101.0,311.0,213.0,639.0,528.0,968.0,667.0,0.0,679.0,942.0,0
CUST977,285.0,297.0,626.0,805.0,448.0,0.0,520.0,0.0,378.0,0.0,363.0,276.0,404.0,0
CUST978,0.0,0.0,150.0,698.0,810.0,0.0,901.0,931.0,344.0,0.0,450.0,0.0,549.0,0
CUST979,25.0,604.0,436.0,391.0,114.0,127.0,349.0,986.0,914.0,932.0,487.0,0.0,197.0,0
CUST980,600.0,424.0,786.0,350.0,780.0,0.0,869.0,361.0,344.0,348.0,392.0,880.0,222.0,0
CUST981,540.0,0.0,913.0,0.0,0.0,749.0,505.0,700.0,688.0,843.0,0.0,568.0,747.0,0
CUST982,0.0,757.0,297.0,382.0,131.0,440.0,744.0,433.0,970.0,604.0,0.0,859.0,747.0,0
CUST983,936.0,338.0,248.0,993.0,116.0,646.0,507.0,966.0,854.0,0.0,433.0,722.0,325.0,0
CUST984,425.0,0.0,166.0,0.0,915.0,706.0,166.0,337.0,0.0,683.0,689.0,0.0,933.0,0
CUST985,871.0,276.0,0.0,492.0,303.0,0.0,0.0,618.0,0.0,700.0,0.0,0.0,0.0,1
CUST986,522.0,0.0,630.0,159.0,190.0,165.0,655.0,0.0,382.0,217.0,353.0,821.0,135.0,0
CUST987,848.0,199.0,556.0,900.0,0.0,662.0,0.0,522.0,989.0,621.0,713.0,557.0,275.0,0
CUST988,917.0,313.0,0.0,605.0,376.0,206.0,180.0,501.0,0.0,842.0,210.0,0.0,0.0,1
CUST989,0.0,0.0,0.0,145.0,698.0,0.0,996.0,118.0,0.0,550.0,997.0,25.0,0.0,0
CUST990,0.0,0.0,953.0,952.0,561.0,765.0,813.0,567.0,255.0,216.0,987.0,0.0,463.0,3
CUST991,0.0,0.0,686.0,442.0,602.0,755.0,0.0,799.0,662.0,894.0,790.0,100.0,0.0,0
CUST992,949.0,0.0,0.0,780.0,887.0,396.0,177.0,60.0,613.0,420.0,0.0,0.0,389.0,0
CUST993,713.0,621.0,0.0,491.0,393.0,0.0,0.0,348.0,960.0,740.0,0.0,0.0,662.0,0
CUST994,0.0,0.0,0.0,352.0,0.0,495.0,367.0,311.0,575.0,0.0,388.0,1000.0,0.0,0
CUST995,0.0,699.0,891.0,30.0,0.0,0.0,0.0,0.0,938.0,746.0,829.0,0.0,929.0,0
CUST996,704.0,974.0,0.0,238.0,592.0,0.0,768.0,0.0,0.0,829.0,232.0,946.0,301.0,0
CUST997,925.0,578.0,378.0,0.0,967.0,768.0,684.0,275.0,976.0,915.0,90.0,128.0,382.0,0
CUST998,0.0,0.0,298.0,0.0,945.0,0.0,0.0,490.0,185.0,748.0,870.0,597.0,271.0,0
CUST999,723.0,683.0,253.0,744.0,477.0,634.0,661.0,475.0,562.0,0.0,187.0,210.0,0.0,2
